Day,NetCash,Balance,Scenario,Phase,Day
2025-02-21,-2262.83,22737.17,Base,Actual,
2025-02-22,0.0,22737.17,Base,Actual,
2025-02-23,0.0,22737.17,Base,Actual,
2025-02-24,0.0,22737.17,Base,Actual,
2025-02-25,0.0,22737.17,Base,Actual,
2025-02-26,0.0,22737.17,Base,Actual,
2025-02-27,0.0,22737.17,Base,Actual,
2025-02-28,-1953.16,20784.010000000002,Base,Actual,
2025-03-01,-4000.0,16784.010000000002,Base,Actual,
2025-03-02,0.0,16784.010000000002,Base,Actual,
2025-03-03,3815.81,20599.82,Base,Actual,
2025-03-04,0.0,20599.82,Base,Actual,
2025-03-05,0.0,20599.82,Base,Actual,
2025-03-06,0.0,20599.82,Base,Actual,
2025-03-07,-16071.75,4528.07,Base,Actual,
2025-03-08,8367.21,12895.279999999999,Base,Actual,
2025-03-09,0.0,12895.279999999999,Base,Actual,
2025-03-10,0.0,12895.279999999999,Base,Actual,
2025-03-11,13658.62,26553.9,Base,Actual,
2025-03-12,7202.17,33756.07,Base,Actual,
2025-03-13,0.0,33756.07,Base,Actual,
2025-03-14,11833.77,45589.84,Base,Actual,
2025-03-15,0.0,45589.84,Base,Actual,
2025-03-16,-3132.16,42457.68,Base,Actual,
2025-03-17,0.0,42457.68,Base,Actual,
2025-03-18,4183.25,46640.93,Base,Actual,
2025-03-19,2107.32,48748.25,Base,Actual,
2025-03-20,9235.38,57983.63,Base,Actual,
2025-03-21,-14388.21,43595.42,Base,Actual,
2025-03-22,0.0,43595.42,Base,Actual,
2025-03-23,-12376.42,31219.0,Base,Actual,
2025-03-24,4846.59,36065.59,Base,Actual,
2025-03-25,-9586.98,26478.61,Base,Actual,
2025-03-26,-13684.93,12793.679999999998,Base,Actual,
2025-03-27,-20498.89,-7705.209999999999,Base,Actual,
2025-03-28,-2885.74,-10590.949999999997,Base,Actual,
2025-03-29,0.0,-10590.949999999997,Base,Actual,
2025-03-30,0.0,-10590.949999999997,Base,Actual,
2025-03-31,0.0,-10590.949999999997,Base,Actual,
2025-04-01,32095.25,21504.300000000003,Base,Actual,
2025-04-02,742.51,22246.810000000005,Base,Actual,
2025-04-03,-657.89,21588.920000000002,Base,Actual,
2025-04-04,-14555.66,7033.260000000002,Base,Actual,
2025-04-05,-299.97,6733.290000000001,Base,Actual,
2025-04-06,0.0,6733.290000000001,Base,Actual,
2025-04-07,-7340.2,-606.9099999999999,Base,Actual,
2025-04-08,-19537.37,-20144.28,Base,Actual,
2025-04-09,-12020.21,-32164.489999999998,Base,Actual,
2025-04-10,4743.78,-27420.71,Base,Actual,
2025-04-11,27061.39,-359.3199999999997,Base,Actual,
2025-04-12,16507.53,16148.21,Base,Actual,
2025-04-13,-1278.75,14869.46,Base,Actual,
2025-04-14,8744.25,23613.71,Base,Actual,
2025-04-15,11382.68,34996.39,Base,Actual,
2025-04-16,3057.88,38054.270000000004,Base,Actual,
2025-04-17,19240.76,57295.03,Base,Actual,
2025-04-18,19048.44,76343.47,Base,Actual,
2025-04-19,8150.65,84494.12,Base,Actual,
2025-04-20,22197.45,106691.57,Base,Actual,
2025-04-21,0.0,106691.57,Base,Actual,
2025-04-22,4043.22,110734.79000000001,Base,Actual,
2025-04-23,28256.55,138991.34000000003,Base,Actual,
2025-04-24,21436.97,160428.31,Base,Actual,
2025-04-25,-12251.16,148177.15,Base,Actual,
2025-04-26,-275.93,147901.22,Base,Actual,
2025-04-27,4707.92,152609.14,Base,Actual,
2025-04-28,4636.31,157245.45,Base,Actual,
2025-04-29,-9406.38,147839.07,Base,Actual,
2025-04-30,20755.62,168594.69,Base,Actual,
2025-05-01,-5747.85,162846.84,Base,Actual,
2025-05-02,-7636.73,155210.11,Base,Actual,
2025-05-03,18579.13,173789.24,Base,Actual,
2025-05-04,15312.18,189101.41999999998,Base,Actual,
2025-05-05,13014.61,202116.02999999997,Base,Actual,
2025-05-06,-31730.11,170385.91999999998,Base,Actual,
2025-05-07,15843.77,186229.68999999997,Base,Actual,
2025-05-08,59796.03,246025.71999999997,Base,Actual,
2025-05-09,-373.07,245652.64999999997,Base,Actual,
2025-05-10,43431.35,289083.99999999994,Base,Actual,
2025-05-11,6539.85,295623.8499999999,Base,Actual,
2025-05-12,25343.24,320967.0899999999,Base,Actual,
2025-05-13,6257.38,327224.4699999999,Base,Actual,
2025-05-14,48090.91,375315.3799999999,Base,Actual,
2025-05-15,9695.94,385011.3199999999,Base,Actual,
2025-05-16,14795.34,399806.6599999999,Base,Actual,
2025-05-17,89.89,399896.54999999993,Base,Actual,
2025-05-18,-11624.42,388272.12999999995,Base,Actual,
2025-05-19,2789.73,391061.8599999999,Base,Actual,
2025-05-20,18129.12,409190.9799999999,Base,Actual,
2025-05-21,7277.12,416468.0999999999,Base,Actual,
2025-05-22,2536.5,419004.5999999999,Base,Actual,
2025-05-23,43310.21,462314.80999999994,Base,Actual,
2025-05-24,8131.98,470446.7899999999,Base,Actual,
2025-05-25,4416.76,474863.54999999993,Base,Actual,
2025-05-26,31057.28,505920.82999999996,Base,Actual,
2025-05-27,-7050.56,498870.26999999996,Base,Actual,
2025-05-28,14999.25,513869.51999999996,Base,Actual,
2025-05-29,0.0,513869.51999999996,Base,Actual,
2025-05-30,42838.76,556708.2799999999,Base,Actual,
2025-05-31,22172.92,578881.2,Base,Actual,
2025-06-01,7383.33,586264.5299999999,Base,Actual,
2025-06-02,-30158.19,556106.34,Base,Actual,
2025-06-03,-18344.02,537762.32,Base,Actual,
2025-06-04,19520.63,557282.95,Base,Actual,
2025-06-05,33785.6,591068.5499999999,Base,Actual,
2025-06-06,-2338.68,588729.8699999999,Base,Actual,
2025-06-07,15636.47,604366.3399999999,Base,Actual,
2025-06-08,-746.47,603619.8699999999,Base,Actual,
2025-06-09,-7506.53,596113.3399999999,Base,Actual,
2025-06-10,-3711.14,592402.1999999998,Base,Actual,
2025-06-11,31818.68,624220.8799999999,Base,Actual,
2025-06-12,28113.06,652333.94,Base,Actual,
2025-06-13,19311.86,671645.7999999999,Base,Actual,
2025-06-14,-2532.71,669113.09,Base,Actual,
2025-06-15,61355.66,730468.75,Base,Actual,
2025-06-16,-3567.12,726901.63,Base,Actual,
2025-06-17,-13793.27,713108.36,Base,Actual,
2025-06-18,13340.91,726449.27,Base,Actual,
2025-06-19,-14011.42,712437.85,Base,Actual,
2025-06-20,7573.48,720011.33,Base,Actual,
2025-06-21,44831.66,764842.99,Base,Actual,
2025-06-22,10945.75,775788.74,Base,Actual,
2025-06-23,22085.3,797874.04,Base,Actual,
2025-06-24,-4075.1,793798.9400000001,Base,Actual,
2025-06-25,6873.57,800672.51,Base,Actual,
2025-06-26,4799.42,805471.93,Base,Actual,
2025-06-27,-6510.98,798960.9500000001,Base,Actual,
2025-06-28,6150.32,805111.27,Base,Actual,
2025-06-29,6220.02,811331.29,Base,Actual,
2025-06-30,22162.71,833494.0,Base,Actual,
2025-07-01,-14337.76,819156.24,Base,Actual,
2025-07-02,15703.07,834859.3099999999,Base,Actual,
2025-07-03,1920.05,836779.36,Base,Actual,
2025-07-04,25067.82,861847.1799999999,Base,Actual,
2025-07-05,43976.73,905823.9099999999,Base,Actual,
2025-07-06,12697.29,918521.2,Base,Actual,
2025-07-07,24773.64,943294.84,Base,Actual,
2025-07-08,-12737.24,930557.6,Base,Actual,
2025-07-09,39314.46,969872.0599999999,Base,Actual,
2025-07-10,6520.8,976392.86,Base,Actual,
2025-07-11,-4910.06,971482.7999999999,Base,Actual,
2025-07-12,7736.13,979218.9299999999,Base,Actual,
2025-07-13,9870.49,989089.4199999999,Base,Actual,
2025-07-14,4672.08,993761.4999999999,Base,Actual,
2025-07-15,5980.96,999742.4599999998,Base,Actual,
2025-07-16,35994.72,1035737.1799999998,Base,Actual,
2025-07-17,-2915.35,1032821.8299999998,Base,Actual,
2025-07-18,33344.78,1066166.6099999999,Base,Actual,
2025-07-19,19082.55,1085249.16,Base,Actual,
2025-07-20,23199.3,1108448.46,Base,Actual,
2025-07-21,-1736.51,1106711.95,Base,Actual,
2025-07-22,28939.35,1135651.3,Base,Actual,
2025-07-23,13372.23,1149023.53,Base,Actual,
2025-07-24,10103.19,1159126.72,Base,Actual,
2025-07-25,23920.6,1183047.32,Base,Actual,
2025-07-26,18754.68,1201802.0,Base,Actual,
2025-07-27,12787.33,1214589.33,Base,Actual,
2025-07-28,-2930.49,1211658.84,Base,Actual,
2025-07-29,8935.53,1220594.37,Base,Actual,
2025-07-30,-5474.35,1215120.02,Base,Actual,
2025-07-31,39234.7,1254354.72,Base,Actual,
2025-08-01,30652.71,1285007.43,Base,Actual,
2025-08-02,-6615.41,1278392.02,Base,Actual,
2025-08-03,25768.32,1304160.34,Base,Actual,
2025-08-04,8448.26,1312608.6,Base,Actual,
2025-08-05,14857.19,1327465.79,Base,Actual,
2025-08-06,10776.46,1338242.25,Base,Actual,
2025-08-07,-1002.87,1337239.38,Base,Actual,
2025-08-08,19117.85,1356357.23,Base,Actual,
2025-08-09,-17645.86,1338711.3699999999,Base,Actual,
2025-08-10,-12207.77,1326503.5999999999,Base,Actual,
2025-08-11,-8237.33,1318266.2699999998,Base,Actual,
2025-08-12,19618.25,1337884.5199999998,Base,Actual,
2025-08-13,22475.02,1360359.5399999998,Base,Actual,
2025-08-14,20457.54,1380817.0799999998,Base,Actual,
2025-08-15,33742.61,1414559.69,Base,Actual,
2025-08-16,5130.82,1419690.51,Base,Actual,
2025-08-17,16982.05,1436672.56,Base,Actual,
2025-08-18,-11960.95,1424711.61,Base,Actual,
2025-08-19,41732.09,1466443.7000000002,Base,Actual,
2025-08-20,54002.98,1520446.6800000002,Base,Actual,
2025-08-21,0.0,1520446.6800000002,Base,Actual,
2025-08-22,-19795.22,1500651.4600000002,Base,Actual,
2025-08-23,21318.21,1521969.6700000002,Base,Actual,
2025-08-24,-13272.32,1508697.35,Base,Actual,
2025-08-25,-20236.35,1488461.0,Base,Actual,
2025-08-26,-17061.69,1471399.31,Base,Actual,
2025-08-27,8389.22,1479788.53,Base,Actual,
2025-08-28,13858.9,1493647.43,Base,Actual,
2025-08-29,4980.98,1498628.41,Base,Actual,
2025-08-30,-5818.77,1492809.64,Base,Actual,
2025-08-31,3286.08,1496095.72,Base,Actual,
2025-09-01,14865.21,1510960.93,Base,Actual,
2025-09-02,27526.3,1538487.23,Base,Actual,
2025-09-03,14847.73,1553334.96,Base,Actual,
2025-09-04,25627.75,1578962.71,Base,Actual,
2025-09-05,5793.99,1584756.7,Base,Actual,
2025-09-06,20115.52,1604872.22,Base,Actual,
2025-09-07,7928.64,1612800.8599999999,Base,Actual,
2025-09-08,16297.22,1629098.0799999998,Base,Actual,
2025-09-09,27576.06,1656674.14,Base,Actual,
2025-09-10,9416.78,1666090.92,Base,Actual,
2025-09-11,13974.16,1680065.0799999998,Base,Actual,
2025-09-12,-9413.94,1670651.14,Base,Actual,
2025-09-13,-6640.12,1664011.0199999998,Base,Actual,
2025-09-14,42846.42,1706857.4399999997,Base,Actual,
2025-09-15,3856.43,1710713.8699999996,Base,Actual,
2025-09-16,18535.95,1729249.8199999996,Base,Actual,
2025-09-17,11589.84,1740839.6599999997,Base,Actual,
2025-09-18,15427.3,1756266.9599999997,Base,Actual,
2025-09-19,8459.17,1764726.1299999997,Base,Actual,
2025-09-20,-23182.83,1741543.2999999996,Base,Actual,
2025-09-21,13872.15,1755415.4499999995,Base,Actual,
2025-09-22,1910.69,1757326.1399999994,Base,Actual,
2025-09-23,-15328.61,1741997.5299999993,Base,Actual,
2025-09-24,9154.77,1751152.2999999993,Base,Actual,
2025-09-25,-15301.63,1735850.6699999995,Base,Actual,
2025-09-26,16457.19,1752307.8599999994,Base,Actual,
2025-09-27,-5014.98,1747292.8799999994,Base,Actual,
2025-09-28,-15298.16,1731994.7199999995,Base,Actual,
2025-09-29,2667.99,1734662.7099999995,Base,Actual,
2025-09-30,11640.66,1746303.3699999994,Base,Actual,
2025-10-01,40006.12,1786309.4899999995,Base,Actual,
2025-10-02,-19227.85,1767081.6399999994,Base,Actual,
2025-10-03,1402.3,1768483.9399999995,Base,Actual,
2025-10-04,-2688.47,1765795.4699999995,Base,Actual,
2025-10-05,7867.83,1773663.2999999996,Base,Actual,
2025-10-06,8055.09,1781718.3899999997,Base,Actual,
2025-10-07,-17024.68,1764693.7099999997,Base,Actual,
2025-10-08,25229.64,1789923.3499999996,Base,Actual,
2025-10-09,-6322.88,1783600.4699999997,Base,Actual,
2025-10-10,40505.56,1824106.0299999998,Base,Actual,
2025-10-11,4069.63,1828175.6599999997,Base,Actual,
2025-10-12,-10573.74,1817601.9199999997,Base,Actual,
2025-10-13,44628.83,1862230.7499999998,Base,Actual,
2025-10-14,5904.54,1868135.2899999998,Base,Actual,
2025-10-15,-900.68,1867234.6099999999,Base,Actual,
2025-10-16,4706.44,1871941.0499999998,Base,Actual,
2025-10-17,5888.03,1877829.0799999998,Base,Actual,
2025-10-18,9895.35,1887724.43,Base,Actual,
2025-10-19,18682.05,1906406.48,Base,Actual,
2025-10-20,18776.06,1925182.54,Base,Actual,
2025-10-21,45467.05,1970649.59,Base,Actual,
2025-10-22,2570.08,1973219.6700000002,Base,Actual,
2025-10-23,42492.87,2015712.5400000003,Base,Actual,
2025-10-24,12767.68,2028480.2200000002,Base,Actual,
2025-10-25,7378.97,2035859.1900000002,Base,Actual,
2025-10-26,-14475.22,2021383.9700000002,Base,Actual,
2025-10-27,37668.08,2059052.0500000003,Base,Actual,
2025-10-28,460.06,2059512.1100000003,Base,Actual,
2025-10-29,6158.37,2065670.4800000004,Base,Actual,
2025-10-30,4364.82,2070035.3000000005,Base,Actual,
2025-10-31,-3116.59,2066918.7100000004,Base,Actual,
2025-11-01,8588.98,2075507.6900000004,Base,Actual,
2025-11-02,-14999.14,2060508.5500000005,Base,Actual,
2025-11-03,-21961.4,2038547.1500000006,Base,Actual,
2025-11-04,-5650.51,2032896.6400000006,Base,Actual,
2025-11-05,12123.26,2045019.9000000006,Base,Actual,
2025-11-06,-8403.58,2036616.3200000005,Base,Actual,
2025-11-07,5179.71,2041796.0300000005,Base,Actual,
2025-11-08,7071.33,2048867.3600000006,Base,Actual,
2025-11-09,0.0,2048867.3600000006,Base,Actual,
2025-11-10,17402.24,2066269.6000000006,Base,Actual,
2025-11-11,-5729.81,2060539.7900000005,Base,Actual,
2025-11-12,6546.46,2067086.2500000005,Base,Actual,
,5490.181539746705,2072576.4315397472,Base,Forecast,2025-11-13
,5475.528149281668,2078051.9596890288,Base,Forecast,2025-11-14
,5460.913868971837,2083512.8735580007,Base,Forecast,2025-11-15
,5446.338594431521,2088959.2121524322,Base,Forecast,2025-11-16
,5431.802221553643,2094391.0143739858,Base,Forecast,2025-11-17
,5417.304646508984,2099808.319020495,Base,Forecast,2025-11-18
,5402.84576574545,2105211.16478624,Base,Forecast,2025-11-19
,5388.425475987328,2110599.5902622277,Base,Forecast,2025-11-20
,5374.043674234551,2115973.633936462,Base,Forecast,2025-11-21
,5359.70025776196,2121333.3341942243,Base,Forecast,2025-11-22
,5345.3951241185705,2126678.7293183426,Base,Forecast,2025-11-23
,5331.128171126844,2132009.8574894695,Base,Forecast,2025-11-24
,5316.899296881953,2137326.7567863516,Base,Forecast,2025-11-25
,5302.708399751057,2142629.4651861023,Base,Forecast,2025-11-26
,5288.555378372575,2147918.020564475,Base,Forecast,2025-11-27
,5274.440131655463,2153192.4606961305,Base,Forecast,2025-11-28
,5260.362558778488,2158452.823254909,Base,Forecast,2025-11-29
,5246.322559189513,2163699.1458140984,Base,Forecast,2025-11-30
,5232.320032604776,2168931.4658467034,Base,Forecast,2025-12-01
,5218.354879008174,2174149.8207257115,Base,Forecast,2025-12-02
,5204.426998650549,2179354.247724362,Base,Forecast,2025-12-03
,5190.536292048973,2184544.7840164113,Base,Forecast,2025-12-04
,5176.682659986044,2189721.4666763972,Base,Forecast,2025-12-05
,5162.86600350917,2194884.3326799064,Base,Forecast,2025-12-06
,5149.086223929864,2200033.418903836,Base,Forecast,2025-12-07
,5135.343222823043,2205168.762126659,Base,Forecast,2025-12-08
,5121.636902026322,2210290.3990286854,Base,Forecast,2025-12-09
,5107.967163639311,2215398.366192325,Base,Forecast,2025-12-10
,5094.3339100229205,2220492.700102348,Base,Forecast,2025-12-11
,5080.737043798659,2225573.4371461463,Base,Forecast,2025-12-12
,5067.176467847942,2230640.6136139943,Base,Forecast,2025-12-13
,5053.652085311395,2235694.2656993056,Base,Forecast,2025-12-14
,5040.163799588164,2240734.429498894,Base,Forecast,2025-12-15
,5026.711514335222,2245761.1410132293,Base,Forecast,2025-12-16
,5013.295133466686,2250774.4361466956,Base,Forecast,2025-12-17
,4999.914561153126,2255774.350707849,Base,Forecast,2025-12-18
,4986.569701820882,2260760.9204096696,Base,Forecast,2025-12-19
,4973.260460151385,2265734.1808698215,Base,Forecast,2025-12-20
,4959.986741080469,2270694.167610902,Base,Forecast,2025-12-21
,4946.748449797698,2275640.916060699,Base,Forecast,2025-12-22
,4933.545491745687,2280574.461552445,Base,Forecast,2025-12-23
,4920.377772619426,2285494.8393250643,Base,Forecast,2025-12-24
,4907.245198365605,2290402.08452343,Base,Forecast,2025-12-25
,4894.147675181946,2295296.232198612,Base,Forecast,2025-12-26
,4881.085109516531,2300177.317308129,Base,Forecast,2025-12-27
,4868.057408067132,2305045.3747161957,Base,Forecast,2025-12-28
,4855.064477780547,2309900.439193976,Base,Forecast,2025-12-29
,4842.106225851936,2314742.545419828,Base,Forecast,2025-12-30
,4829.182559724155,2319571.7279795525,Base,Forecast,2025-12-31
,4816.2933870870975,2324388.0213666395,Base,Forecast,2026-01-01
,4803.438615877033,2329191.4599825162,Base,Forecast,2026-01-02
,4790.618154275953,2333982.0781367924,Base,Forecast,2026-01-03
,4777.831910710911,2338759.910047503,Base,Forecast,2026-01-04
,4765.079793853371,2343524.989841357,Base,Forecast,2026-01-05
,4752.361712618554,2348277.351553975,Base,Forecast,2026-01-06
,4739.677576164789,2353017.02913014,Base,Forecast,2026-01-07
,4727.027293892861,2357744.056424033,Base,Forecast,2026-01-08
,4714.410775445369,2362458.4671994783,Base,Forecast,2026-01-09
,4701.827930706074,2367160.2951301844,Base,Forecast,2026-01-10
,4689.278669799261,2371849.5737999836,Base,Forecast,2026-01-11
,4676.762903089093,2376526.336703073,Base,Forecast,2026-01-12
,4664.280541178976,2381190.6172442515,Base,Forecast,2026-01-13
,4651.8314949109135,2385842.4487391626,Base,Forecast,2026-01-14
,4639.415675364876,2390481.8644145275,Base,Forecast,2026-01-15
,4627.03299385816,2395108.8974083858,Base,Forecast,2026-01-16
,4614.683361944761,2399723.5807703305,Base,Forecast,2026-01-17
,4602.366691414736,2404325.9474617452,Base,Forecast,2026-01-18
,4590.082894293578,2408916.030356039,Base,Forecast,2026-01-19
,4577.831882841582,2413493.8622388802,Base,Forecast,2026-01-20
,4565.613569553227,2418059.4758084337,Base,Forecast,2026-01-21
,4553.427867156541,2422612.90367559,Base,Forecast,2026-01-22
,4541.274688612484,2427154.178364203,Base,Forecast,2026-01-23
,4529.153947114327,2431683.332311317,Base,Forecast,2026-01-24
,4517.0655560870255,2436200.397867404,Base,Forecast,2026-01-25
,4505.009429186609,2440705.4072965905,Base,Forecast,2026-01-26
,4492.985480299559,2445198.39277689,Base,Forecast,2026-01-27
,4480.993623542195,2449679.3864004323,Base,Forecast,2026-01-28
,4469.033773260061,2454148.4201736925,Base,Forecast,2026-01-29
,4457.105844027317,2458605.52601772,Base,Forecast,2026-01-30
,4445.209750646124,2463050.7357683657,Base,Forecast,2026-01-31
,4433.345408146038,2467484.081176512,Base,Forecast,2026-02-01
,4421.512731783402,2471905.593908295,Base,Forecast,2026-02-02
,4409.711637040742,2476315.305545336,Base,Forecast,2026-02-03
,4397.942039626163,2480713.2475849623,Base,Forecast,2026-02-04
2025-02-21,-2262.83,22737.17,Optimistic,Actual,
2025-02-22,0.0,22737.17,Optimistic,Actual,
2025-02-23,0.0,22737.17,Optimistic,Actual,
2025-02-24,0.0,22737.17,Optimistic,Actual,
2025-02-25,0.0,22737.17,Optimistic,Actual,
2025-02-26,0.0,22737.17,Optimistic,Actual,
2025-02-27,0.0,22737.17,Optimistic,Actual,
2025-02-28,-1953.16,20784.010000000002,Optimistic,Actual,
2025-03-01,-4000.0,16784.010000000002,Optimistic,Actual,
2025-03-02,0.0,16784.010000000002,Optimistic,Actual,
2025-03-03,4197.3910000000005,20981.401,Optimistic,Actual,
2025-03-04,0.0,20981.401,Optimistic,Actual,
2025-03-05,0.0,20981.401,Optimistic,Actual,
2025-03-06,0.0,20981.401,Optimistic,Actual,
2025-03-07,-16071.75,4909.651000000002,Optimistic,Actual,
2025-03-08,9203.931,14113.582000000002,Optimistic,Actual,
2025-03-09,0.0,14113.582000000002,Optimistic,Actual,
2025-03-10,0.0,14113.582000000002,Optimistic,Actual,
2025-03-11,15024.482000000002,29138.064000000006,Optimistic,Actual,
2025-03-12,7922.387000000001,37060.451,Optimistic,Actual,
2025-03-13,0.0,37060.451,Optimistic,Actual,
2025-03-14,13017.147,50077.598000000005,Optimistic,Actual,
2025-03-15,0.0,50077.598000000005,Optimistic,Actual,
2025-03-16,-3132.16,46945.43800000001,Optimistic,Actual,
2025-03-17,0.0,46945.43800000001,Optimistic,Actual,
2025-03-18,4601.575000000001,51547.013000000006,Optimistic,Actual,
2025-03-19,2318.0520000000006,53865.065,Optimistic,Actual,
2025-03-20,10158.918,64023.98300000001,Optimistic,Actual,
2025-03-21,-14388.21,49635.77300000001,Optimistic,Actual,
2025-03-22,0.0,49635.77300000001,Optimistic,Actual,
2025-03-23,-12376.42,37259.35300000001,Optimistic,Actual,
2025-03-24,5331.249000000001,42590.60200000001,Optimistic,Actual,
2025-03-25,-9586.98,33003.62200000001,Optimistic,Actual,
2025-03-26,-13684.93,19318.69200000001,Optimistic,Actual,
2025-03-27,-20498.89,-1180.1979999999894,Optimistic,Actual,
2025-03-28,-2885.74,-4065.9379999999874,Optimistic,Actual,
2025-03-29,0.0,-4065.9379999999874,Optimistic,Actual,
2025-03-30,0.0,-4065.9379999999874,Optimistic,Actual,
2025-03-31,0.0,-4065.9379999999874,Optimistic,Actual,
2025-04-01,35304.775,31238.837000000014,Optimistic,Actual,
2025-04-02,816.7610000000001,32055.598000000013,Optimistic,Actual,
2025-04-03,-657.89,31397.708000000013,Optimistic,Actual,
2025-04-04,-14555.66,16842.048000000013,Optimistic,Actual,
2025-04-05,-299.97,16542.078000000016,Optimistic,Actual,
2025-04-06,0.0,16542.078000000016,Optimistic,Actual,
2025-04-07,-7340.2,9201.878000000015,Optimistic,Actual,
2025-04-08,-19537.37,-10335.491999999984,Optimistic,Actual,
2025-04-09,-12020.21,-22355.701999999983,Optimistic,Actual,
2025-04-10,5218.158,-17137.54399999998,Optimistic,Actual,
2025-04-11,29767.529000000002,12629.985000000022,Optimistic,Actual,
2025-04-12,18158.283,30788.268000000022,Optimistic,Actual,
2025-04-13,-1278.75,29509.518000000022,Optimistic,Actual,
2025-04-14,9618.675000000001,39128.19300000002,Optimistic,Actual,
2025-04-15,12520.948000000002,51649.141000000025,Optimistic,Actual,
2025-04-16,3363.6680000000006,55012.80900000002,Optimistic,Actual,
2025-04-17,21164.836,76177.64500000002,Optimistic,Actual,
2025-04-18,20953.284,97130.92900000003,Optimistic,Actual,
2025-04-19,8965.715,106096.64400000003,Optimistic,Actual,
2025-04-20,24417.195000000003,130513.83900000004,Optimistic,Actual,
2025-04-21,0.0,130513.83900000004,Optimistic,Actual,
2025-04-22,4447.542,134961.38100000005,Optimistic,Actual,
2025-04-23,31082.205,166043.58600000004,Optimistic,Actual,
2025-04-24,23580.667000000005,189624.25300000006,Optimistic,Actual,
2025-04-25,-12251.16,177373.09300000005,Optimistic,Actual,
2025-04-26,-275.93,177097.16300000006,Optimistic,Actual,
2025-04-27,5178.712,182275.87500000006,Optimistic,Actual,
2025-04-28,5099.941000000001,187375.81600000005,Optimistic,Actual,
2025-04-29,-9406.38,177969.43600000005,Optimistic,Actual,
2025-04-30,22831.182,200800.61800000005,Optimistic,Actual,
2025-05-01,-5747.85,195052.76800000004,Optimistic,Actual,
2025-05-02,-7636.73,187416.03800000003,Optimistic,Actual,
2025-05-03,20437.043,207853.08100000003,Optimistic,Actual,
2025-05-04,16843.398,224696.47900000005,Optimistic,Actual,
2025-05-05,14316.071000000002,239012.55000000005,Optimistic,Actual,
2025-05-06,-31730.11,207282.44000000006,Optimistic,Actual,
2025-05-07,17428.147,224710.58700000006,Optimistic,Actual,
2025-05-08,65775.633,290486.2200000001,Optimistic,Actual,
2025-05-09,-373.07,290113.1500000001,Optimistic,Actual,
2025-05-10,47774.485,337887.63500000007,Optimistic,Actual,
2025-05-11,7193.835000000001,345081.4700000001,Optimistic,Actual,
2025-05-12,27877.564000000006,372959.0340000001,Optimistic,Actual,
2025-05-13,6883.118,379842.1520000001,Optimistic,Actual,
2025-05-14,52900.00100000001,432742.1530000001,Optimistic,Actual,
2025-05-15,10665.534000000001,443407.6870000001,Optimistic,Actual,
2025-05-16,16274.874000000002,459682.5610000001,Optimistic,Actual,
2025-05-17,98.879,459781.4400000001,Optimistic,Actual,
2025-05-18,-11624.42,448157.02000000014,Optimistic,Actual,
2025-05-19,3068.7030000000004,451225.7230000001,Optimistic,Actual,
2025-05-20,19942.032,471167.7550000001,Optimistic,Actual,
2025-05-21,8004.832,479172.5870000001,Optimistic,Actual,
2025-05-22,2790.15,481962.73700000014,Optimistic,Actual,
2025-05-23,47641.231,529603.9680000001,Optimistic,Actual,
2025-05-24,8945.178,538549.1460000002,Optimistic,Actual,
2025-05-25,4858.436000000001,543407.5820000002,Optimistic,Actual,
2025-05-26,34163.008,577570.5900000001,Optimistic,Actual,
2025-05-27,-7050.56,570520.03,Optimistic,Actual,
2025-05-28,16499.175000000003,587019.2050000001,Optimistic,Actual,
2025-05-29,0.0,587019.2050000001,Optimistic,Actual,
2025-05-30,47122.636000000006,634141.8410000001,Optimistic,Actual,
2025-05-31,24390.212,658532.0530000001,Optimistic,Actual,
2025-06-01,8121.6630000000005,666653.716,Optimistic,Actual,
2025-06-02,-30158.19,636495.5260000001,Optimistic,Actual,
2025-06-03,-18344.02,618151.506,Optimistic,Actual,
2025-06-04,21472.693000000003,639624.199,Optimistic,Actual,
2025-06-05,37164.16,676788.359,Optimistic,Actual,
2025-06-06,-2338.68,674449.679,Optimistic,Actual,
2025-06-07,17200.117000000002,691649.796,Optimistic,Actual,
2025-06-08,-746.47,690903.326,Optimistic,Actual,
2025-06-09,-7506.53,683396.796,Optimistic,Actual,
2025-06-10,-3711.14,679685.656,Optimistic,Actual,
2025-06-11,35000.548,714686.2039999999,Optimistic,Actual,
2025-06-12,30924.366000000005,745610.57,Optimistic,Actual,
2025-06-13,21243.046000000002,766853.6159999999,Optimistic,Actual,
2025-06-14,-2532.71,764320.906,Optimistic,Actual,
2025-06-15,67491.22600000001,831812.132,Optimistic,Actual,
2025-06-16,-3567.12,828245.012,Optimistic,Actual,
2025-06-17,-13793.27,814451.742,Optimistic,Actual,
2025-06-18,14675.001,829126.743,Optimistic,Actual,
2025-06-19,-14011.42,815115.323,Optimistic,Actual,
2025-06-20,8330.828,823446.151,Optimistic,Actual,
2025-06-21,49314.82600000001,872760.977,Optimistic,Actual,
2025-06-22,12040.325,884801.3019999999,Optimistic,Actual,
2025-06-23,24293.83,909095.1319999999,Optimistic,Actual,
2025-06-24,-4075.1,905020.0319999999,Optimistic,Actual,
2025-06-25,7560.927000000001,912580.9589999999,Optimistic,Actual,
2025-06-26,5279.362,917860.3209999999,Optimistic,Actual,
2025-06-27,-6510.98,911349.3409999999,Optimistic,Actual,
2025-06-28,6765.352,918114.6929999999,Optimistic,Actual,
2025-06-29,6842.022000000001,924956.7149999999,Optimistic,Actual,
2025-06-30,24378.981,949335.6959999999,Optimistic,Actual,
2025-07-01,-14337.76,934997.9359999999,Optimistic,Actual,
2025-07-02,17273.377,952271.3129999998,Optimistic,Actual,
2025-07-03,2112.0550000000003,954383.3679999999,Optimistic,Actual,
2025-07-04,27574.602000000003,981957.9699999999,Optimistic,Actual,
2025-07-05,48374.403000000006,1030332.3729999999,Optimistic,Actual,
2025-07-06,13967.019000000002,1044299.3919999999,Optimistic,Actual,
2025-07-07,27251.004,1071550.3959999997,Optimistic,Actual,
2025-07-08,-12737.24,1058813.156,Optimistic,Actual,
2025-07-09,43245.906,1102059.062,Optimistic,Actual,
2025-07-10,7172.880000000001,1109231.9419999998,Optimistic,Actual,
2025-07-11,-4910.06,1104321.8819999998,Optimistic,Actual,
2025-07-12,8509.743,1112831.6249999998,Optimistic,Actual,
2025-07-13,10857.539,1123689.1639999999,Optimistic,Actual,
2025-07-14,5139.2880000000005,1128828.4519999998,Optimistic,Actual,
2025-07-15,6579.0560000000005,1135407.508,Optimistic,Actual,
2025-07-16,39594.192,1175001.7,Optimistic,Actual,
2025-07-17,-2915.35,1172086.3499999999,Optimistic,Actual,
2025-07-18,36679.258,1208765.6079999998,Optimistic,Actual,
2025-07-19,20990.805,1229756.4129999997,Optimistic,Actual,
2025-07-20,25519.23,1255275.6429999997,Optimistic,Actual,
2025-07-21,-1736.51,1253539.1329999997,Optimistic,Actual,
2025-07-22,31833.285,1285372.4179999996,Optimistic,Actual,
2025-07-23,14709.453000000001,1300081.8709999996,Optimistic,Actual,
2025-07-24,11113.509000000002,1311195.3799999997,Optimistic,Actual,
2025-07-25,26312.66,1337508.0399999996,Optimistic,Actual,
2025-07-26,20630.148,1358138.1879999996,Optimistic,Actual,
2025-07-27,14066.063000000002,1372204.2509999997,Optimistic,Actual,
2025-07-28,-2930.49,1369273.7609999997,Optimistic,Actual,
2025-07-29,9829.083000000002,1379102.8439999998,Optimistic,Actual,
2025-07-30,-5474.35,1373628.4939999997,Optimistic,Actual,
2025-07-31,43158.17,1416786.6639999996,Optimistic,Actual,
2025-08-01,33717.981,1450504.6449999996,Optimistic,Actual,
2025-08-02,-6615.41,1443889.2349999996,Optimistic,Actual,
2025-08-03,28345.152000000002,1472234.3869999996,Optimistic,Actual,
2025-08-04,9293.086000000001,1481527.4729999995,Optimistic,Actual,
2025-08-05,16342.909000000001,1497870.3819999995,Optimistic,Actual,
2025-08-06,11854.106,1509724.4879999994,Optimistic,Actual,
2025-08-07,-1002.87,1508721.6179999993,Optimistic,Actual,
2025-08-08,21029.635,1529751.2529999993,Optimistic,Actual,
2025-08-09,-17645.86,1512105.3929999992,Optimistic,Actual,
2025-08-10,-12207.77,1499897.6229999992,Optimistic,Actual,
2025-08-11,-8237.33,1491660.2929999991,Optimistic,Actual,
2025-08-12,21580.075,1513240.367999999,Optimistic,Actual,
2025-08-13,24722.522,1537962.8899999992,Optimistic,Actual,
2025-08-14,22503.294,1560466.1839999992,Optimistic,Actual,
2025-08-15,37116.87100000001,1597583.0549999992,Optimistic,Actual,
2025-08-16,5643.902,1603226.9569999992,Optimistic,Actual,
2025-08-17,18680.255,1621907.2119999991,Optimistic,Actual,
2025-08-18,-11960.95,1609946.2619999992,Optimistic,Actual,
2025-08-19,45905.299,1655851.5609999993,Optimistic,Actual,
2025-08-20,59403.278000000006,1715254.8389999992,Optimistic,Actual,
2025-08-21,0.0,1715254.8389999992,Optimistic,Actual,
2025-08-22,-19795.22,1695459.6189999992,Optimistic,Actual,
2025-08-23,23450.031000000003,1718909.6499999992,Optimistic,Actual,
2025-08-24,-13272.32,1705637.3299999991,Optimistic,Actual,
2025-08-25,-20236.35,1685400.979999999,Optimistic,Actual,
2025-08-26,-17061.69,1668339.289999999,Optimistic,Actual,
2025-08-27,9228.142,1677567.431999999,Optimistic,Actual,
2025-08-28,15244.79,1692812.2219999991,Optimistic,Actual,
2025-08-29,5479.0779999999995,1698291.299999999,Optimistic,Actual,
2025-08-30,-5818.77,1692472.529999999,Optimistic,Actual,
2025-08-31,3614.688,1696087.2179999992,Optimistic,Actual,
2025-09-01,16351.731,1712438.948999999,Optimistic,Actual,
2025-09-02,30278.93,1742717.878999999,Optimistic,Actual,
2025-09-03,16332.503,1759050.381999999,Optimistic,Actual,
2025-09-04,28190.525,1787240.906999999,Optimistic,Actual,
2025-09-05,6373.389,1793614.295999999,Optimistic,Actual,
2025-09-06,22127.072000000004,1815741.3679999989,Optimistic,Actual,
2025-09-07,8721.504,1824462.8719999988,Optimistic,Actual,
2025-09-08,17926.942,1842389.8139999988,Optimistic,Actual,
2025-09-09,30333.666000000005,1872723.4799999988,Optimistic,Actual,
2025-09-10,10358.458000000002,1883081.937999999,Optimistic,Actual,
2025-09-11,15371.576000000001,1898453.513999999,Optimistic,Actual,
2025-09-12,-9413.94,1889039.573999999,Optimistic,Actual,
2025-09-13,-6640.12,1882399.453999999,Optimistic,Actual,
2025-09-14,47131.062000000005,1929530.515999999,Optimistic,Actual,
2025-09-15,4242.073,1933772.588999999,Optimistic,Actual,
2025-09-16,20389.545000000002,1954162.133999999,Optimistic,Actual,
2025-09-17,12748.824,1966910.957999999,Optimistic,Actual,
2025-09-18,16970.03,1983880.987999999,Optimistic,Actual,
2025-09-19,9305.087000000001,1993186.074999999,Optimistic,Actual,
2025-09-20,-23182.83,1970003.244999999,Optimistic,Actual,
2025-09-21,15259.365000000002,1985262.609999999,Optimistic,Actual,
2025-09-22,2101.759,1987364.368999999,Optimistic,Actual,
2025-09-23,-15328.61,1972035.758999999,Optimistic,Actual,
2025-09-24,10070.247000000001,1982106.005999999,Optimistic,Actual,
2025-09-25,-15301.63,1966804.375999999,Optimistic,Actual,
2025-09-26,18102.909,1984907.284999999,Optimistic,Actual,
2025-09-27,-5014.98,1979892.304999999,Optimistic,Actual,
2025-09-28,-15298.16,1964594.144999999,Optimistic,Actual,
2025-09-29,2934.789,1967528.9339999992,Optimistic,Actual,
2025-09-30,12804.726,1980333.6599999992,Optimistic,Actual,
2025-10-01,44006.732,2024340.3919999993,Optimistic,Actual,
2025-10-02,-19227.85,2005112.5419999992,Optimistic,Actual,
2025-10-03,1542.53,2006655.0719999992,Optimistic,Actual,
2025-10-04,-2688.47,2003966.6019999993,Optimistic,Actual,
2025-10-05,8654.613000000001,2012621.2149999992,Optimistic,Actual,
2025-10-06,8860.599,2021481.813999999,Optimistic,Actual,
2025-10-07,-17024.68,2004457.1339999991,Optimistic,Actual,
2025-10-08,27752.604000000003,2032209.7379999992,Optimistic,Actual,
2025-10-09,-6322.88,2025886.8579999993,Optimistic,Actual,
2025-10-10,44556.116,2070442.9739999992,Optimistic,Actual,
2025-10-11,4476.593000000001,2074919.5669999993,Optimistic,Actual,
2025-10-12,-10573.74,2064345.8269999993,Optimistic,Actual,
2025-10-13,49091.713,2113437.539999999,Optimistic,Actual,
2025-10-14,6494.994000000001,2119932.533999999,Optimistic,Actual,
2025-10-15,-900.68,2119031.8539999994,Optimistic,Actual,
2025-10-16,5177.084,2124208.937999999,Optimistic,Actual,
2025-10-17,6476.8330000000005,2130685.7709999993,Optimistic,Actual,
2025-10-18,10884.885000000002,2141570.655999999,Optimistic,Actual,
2025-10-19,20550.255,2162120.910999999,Optimistic,Actual,
2025-10-20,20653.666000000005,2182774.576999999,Optimistic,Actual,
2025-10-21,50013.755000000005,2232788.331999999,Optimistic,Actual,
2025-10-22,2827.088,2235615.419999999,Optimistic,Actual,
2025-10-23,46742.15700000001,2282357.576999999,Optimistic,Actual,
2025-10-24,14044.448000000002,2296402.024999999,Optimistic,Actual,
2025-10-25,8116.867000000001,2304518.891999999,Optimistic,Actual,
2025-10-26,-14475.22,2290043.671999999,Optimistic,Actual,
2025-10-27,41434.888000000006,2331478.5599999987,Optimistic,Actual,
2025-10-28,506.06600000000003,2331984.6259999988,Optimistic,Actual,
2025-10-29,6774.207,2338758.8329999987,Optimistic,Actual,
2025-10-30,4801.302,2343560.134999999,Optimistic,Actual,
2025-10-31,-3116.59,2340443.544999999,Optimistic,Actual,
2025-11-01,9447.878,2349891.422999999,Optimistic,Actual,
2025-11-02,-14999.14,2334892.282999999,Optimistic,Actual,
2025-11-03,-21961.4,2312930.882999999,Optimistic,Actual,
2025-11-04,-5650.51,2307280.372999999,Optimistic,Actual,
2025-11-05,13335.586000000001,2320615.9589999993,Optimistic,Actual,
2025-11-06,-8403.58,2312212.3789999993,Optimistic,Actual,
2025-11-07,5697.6810000000005,2317910.059999999,Optimistic,Actual,
2025-11-08,7778.463000000001,2325688.522999999,Optimistic,Actual,
2025-11-09,0.0,2325688.522999999,Optimistic,Actual,
2025-11-10,19142.464000000004,2344830.9869999993,Optimistic,Actual,
2025-11-11,-5729.81,2339101.176999999,Optimistic,Actual,
2025-11-12,7201.106000000001,2346302.2829999994,Optimistic,Actual,
,6360.386749758421,2352662.6697497577,Optimistic,Forecast,2025-11-13
,6345.253675359979,2359007.923425118,Optimistic,Forecast,2025-11-14
,6330.156606624362,2365338.0800317423,Optimistic,Forecast,2025-11-15
,6315.095457884394,2371653.1754896264,Optimistic,Forecast,2025-11-16
,6300.070143676723,2377953.245633303,Optimistic,Forecast,2025-11-17
,6285.080578741338,2384238.326212045,Optimistic,Forecast,2025-11-18
,6270.126678021086,2390508.4528900655,Optimistic,Forecast,2025-11-19
,6255.2083566611855,2396763.6612467268,Optimistic,Forecast,2025-11-20
,6240.3255300087485,2403003.9867767356,Optimistic,Forecast,2025-11-21
,6225.478113612299,2409229.464890348,Optimistic,Forecast,2025-11-22
,6210.666023221295,2415440.130913569,Optimistic,Forecast,2025-11-23
,6195.889174785647,2421636.020088355,Optimistic,Forecast,2025-11-24
,6181.147484455245,2427817.16757281,Optimistic,Forecast,2025-11-25
,6166.44086857948,2433983.6084413896,Optimistic,Forecast,2025-11-26
,6151.76924370677,2440135.377685096,Optimistic,Forecast,2025-11-27
,6137.132526584089,2446272.5102116806,Optimistic,Forecast,2025-11-28
,6122.53063415649,2452395.040845837,Optimistic,Forecast,2025-11-29
,6107.963483566638,2458503.0043294034,Optimistic,Forecast,2025-11-30
,6093.430992154336,2464596.435321558,Optimistic,Forecast,2025-12-01
,6078.93307745606,2470675.3683990138,Optimistic,Forecast,2025-12-02
,6064.469657204487,2476739.8380562183,Optimistic,Forecast,2025-12-03
,6050.040649328031,2482789.8787055463,Optimistic,Forecast,2025-12-04
,6035.645971950376,2488825.524677497,Optimistic,Forecast,2025-12-05
,6021.285543390014,2494846.810220887,Optimistic,Forecast,2025-12-06
,6006.959282159776,2500853.7695030468,Optimistic,Forecast,2025-12-07
,5992.667106966374,2506846.436610013,Optimistic,Forecast,2025-12-08
,5978.408936709941,2512824.845546723,Optimistic,Forecast,2025-12-09
,5964.184690483566,2518789.0302372063,Optimistic,Forecast,2025-12-10
,5949.994287572837,2524739.0245247795,Optimistic,Forecast,2025-12-11
,5935.837647455383,2530674.862172235,Optimistic,Forecast,2025-12-12
,5921.714689800422,2536596.5768620353,Optimistic,Forecast,2025-12-13
,5907.6253344682955,2542504.2021965035,Optimistic,Forecast,2025-12-14
,5893.56950151002,2548397.7716980134,Optimistic,Forecast,2025-12-15
,5879.547111166834,2554277.3188091805,Optimistic,Forecast,2025-12-16
,5865.5580838697415,2560142.87689305,Optimistic,Forecast,2025-12-17
,5851.602340239065,2565994.479233289,Optimistic,Forecast,2025-12-18
,5837.679801083989,2571832.1590343732,Optimistic,Forecast,2025-12-19
,5823.7903874021185,2577655.949421775,Optimistic,Forecast,2025-12-20
,5809.9340203790225,2583465.883442154,Optimistic,Forecast,2025-12-21
,5796.110621387794,2589261.994063542,Optimistic,Forecast,2025-12-22
,5782.320111988598,2595044.314175531,Optimistic,Forecast,2025-12-23
,5768.562413928232,2600812.876589459,Optimistic,Forecast,2025-12-24
,5754.837449139675,2606567.7140385984,Optimistic,Forecast,2025-12-25
,5741.145139741653,2612308.85917834,Optimistic,Forecast,2025-12-26
,5727.485408038189,2618036.3445863784,Optimistic,Forecast,2025-12-27
,5713.858176518168,2623750.2027628967,Optimistic,Forecast,2025-12-28
,5700.263367854893,2629450.4661307517,Optimistic,Forecast,2025-12-29
,5686.700904905649,2635137.167035657,Optimistic,Forecast,2025-12-30
,5673.170710711263,2640810.3377463683,Optimistic,Forecast,2025-12-31
,5659.672708495672,2646470.0104548642,Optimistic,Forecast,2026-01-01
,5646.206821665481,2652116.2172765294,Optimistic,Forecast,2026-01-02
,5632.77297380953,2657748.990250339,Optimistic,Forecast,2026-01-03
,5619.371088698467,2663368.3613390373,Optimistic,Forecast,2026-01-04
,5606.001090284305,2668974.3624293217,Optimistic,Forecast,2026-01-05
,5592.662902699998,2674567.025332022,Optimistic,Forecast,2026-01-06
,5579.356450259008,2680146.3817822807,Optimistic,Forecast,2026-01-07
,5566.081657454874,2685712.4634397356,Optimistic,Forecast,2026-01-08
,5552.838448960789,2691265.3018886964,Optimistic,Forecast,2026-01-09
,5539.626749629165,2696804.9286383255,Optimistic,Forecast,2026-01-10
,5526.446484491212,2702331.375122817,Optimistic,Forecast,2026-01-11
,5513.297578756511,2707844.6727015735,Optimistic,Forecast,2026-01-12
,5500.179957812589,2713344.852659386,Optimistic,Forecast,2026-01-13
,5487.093547224497,2718831.9462066106,Optimistic,Forecast,2026-01-14
,5474.038272734387,2724305.984479345,Optimistic,Forecast,2026-01-15
,5461.014060261088,2729766.998539606,Optimistic,Forecast,2026-01-16
,5448.020835899691,2735215.019375506,Optimistic,Forecast,2026-01-17
,5435.058525921125,2740650.0779014267,Optimistic,Forecast,2026-01-18
,5422.127056771741,2746072.2049581986,Optimistic,Forecast,2026-01-19
,5409.226355072894,2751481.431313271,Optimistic,Forecast,2026-01-20
,5396.356347620526,2756877.787660892,Optimistic,Forecast,2026-01-21
,5383.516961384753,2762261.3046222767,Optimistic,Forecast,2026-01-22
,5370.708123509446,2767632.012745786,Optimistic,Forecast,2026-01-23
,5357.929761311821,2772989.942507098,Optimistic,Forecast,2026-01-24
,5345.181802282027,2778335.12430938,Optimistic,Forecast,2026-01-25
,5332.464174082735,2783667.5884834626,Optimistic,Forecast,2026-01-26
,5319.776804548722,2788987.3652880113,Optimistic,Forecast,2026-01-27
,5307.119621686469,2794294.484909698,Optimistic,Forecast,2026-01-28
,5294.492553673747,2799588.9774633716,Optimistic,Forecast,2026-01-29
,5281.895528859213,2804870.8729922306,Optimistic,Forecast,2026-01-30
,5269.328475762,2810140.2014679927,Optimistic,Forecast,2026-01-31
,5256.791323071315,2815396.992791064,Optimistic,Forecast,2026-02-01
,5244.28399964603,2820641.27679071,Optimistic,Forecast,2026-02-02
,5231.806434514284,2825873.083225224,Optimistic,Forecast,2026-02-03
,5219.358556873076,2831092.4417820973,Optimistic,Forecast,2026-02-04
2025-02-21,-2375.9715,22624.0285,Conservative,Actual,
2025-02-22,0.0,22624.0285,Conservative,Actual,
2025-02-23,0.0,22624.0285,Conservative,Actual,
2025-02-24,0.0,22624.0285,Conservative,Actual,
2025-02-25,0.0,22624.0285,Conservative,Actual,
2025-02-26,0.0,22624.0285,Conservative,Actual,
2025-02-27,0.0,22624.0285,Conservative,Actual,
2025-02-28,-2050.818,20573.2105,Conservative,Actual,
2025-03-01,-4200.0,16373.2105,Conservative,Actual,
2025-03-02,0.0,16373.2105,Conservative,Actual,
2025-03-03,3434.229,19807.4395,Conservative,Actual,
2025-03-04,0.0,19807.4395,Conservative,Actual,
2025-03-05,0.0,19807.4395,Conservative,Actual,
2025-03-06,0.0,19807.4395,Conservative,Actual,
2025-03-07,-16875.3375,2932.101999999999,Conservative,Actual,
2025-03-08,7530.489,10462.590999999999,Conservative,Actual,
2025-03-09,0.0,10462.590999999999,Conservative,Actual,
2025-03-10,0.0,10462.590999999999,Conservative,Actual,
2025-03-11,12292.758000000002,22755.349000000002,Conservative,Actual,
2025-03-12,6481.953,29237.302,Conservative,Actual,
2025-03-13,0.0,29237.302,Conservative,Actual,
2025-03-14,10650.393,39887.695,Conservative,Actual,
2025-03-15,0.0,39887.695,Conservative,Actual,
2025-03-16,-3288.768,36598.926999999996,Conservative,Actual,
2025-03-17,0.0,36598.926999999996,Conservative,Actual,
2025-03-18,3764.925,40363.852,Conservative,Actual,
2025-03-19,1896.5880000000002,42260.44,Conservative,Actual,
2025-03-20,8311.841999999999,50572.282,Conservative,Actual,
2025-03-21,-15107.620499999999,35464.6615,Conservative,Actual,
2025-03-22,0.0,35464.6615,Conservative,Actual,
2025-03-23,-12995.241,22469.4205,Conservative,Actual,
2025-03-24,4361.9310000000005,26831.3515,Conservative,Actual,
2025-03-25,-10066.329,16765.0225,Conservative,Actual,
2025-03-26,-14369.176500000001,2395.8459999999977,Conservative,Actual,
2025-03-27,-21523.8345,-19127.988500000007,Conservative,Actual,
2025-03-28,-3030.027,-22158.01550000001,Conservative,Actual,
2025-03-29,0.0,-22158.01550000001,Conservative,Actual,
2025-03-30,0.0,-22158.01550000001,Conservative,Actual,
2025-03-31,0.0,-22158.01550000001,Conservative,Actual,
2025-04-01,28885.725000000002,6727.709499999994,Conservative,Actual,
2025-04-02,668.259,7395.968499999995,Conservative,Actual,
2025-04-03,-690.7845,6705.183999999994,Conservative,Actual,
2025-04-04,-15283.443000000001,-8578.259000000005,Conservative,Actual,
2025-04-05,-314.96850000000006,-8893.227500000008,Conservative,Actual,
2025-04-06,0.0,-8893.227500000008,Conservative,Actual,
2025-04-07,-7707.21,-16600.437500000007,Conservative,Actual,
2025-04-08,-20514.2385,-37114.67600000001,Conservative,Actual,
2025-04-09,-12621.2205,-49735.8965,Conservative,Actual,
2025-04-10,4269.402,-45466.4945,Conservative,Actual,
2025-04-11,24355.251,-21111.243499999997,Conservative,Actual,
2025-04-12,14856.777,-6254.466499999995,Conservative,Actual,
2025-04-13,-1342.6875,-7597.153999999995,Conservative,Actual,
2025-04-14,7869.825,272.67100000000573,Conservative,Actual,
2025-04-15,10244.412,10517.083000000006,Conservative,Actual,
2025-04-16,2752.092,13269.175000000007,Conservative,Actual,
2025-04-17,17316.683999999997,30585.859000000004,Conservative,Actual,
2025-04-18,17143.595999999998,47729.455,Conservative,Actual,
2025-04-19,7335.585,55065.04,Conservative,Actual,
2025-04-20,19977.705,75042.745,Conservative,Actual,
2025-04-21,0.0,75042.745,Conservative,Actual,
2025-04-22,3638.8979999999997,78681.64300000001,Conservative,Actual,
2025-04-23,25430.895,104112.538,Conservative,Actual,
2025-04-24,19293.273,123405.811,Conservative,Actual,
2025-04-25,-12863.718,110542.093,Conservative,Actual,
2025-04-26,-289.72650000000004,110252.36649999999,Conservative,Actual,
2025-04-27,4237.128000000001,114489.49449999999,Conservative,Actual,
2025-04-28,4172.679,118662.17349999999,Conservative,Actual,
2025-04-29,-9876.698999999999,108785.4745,Conservative,Actual,
2025-04-30,18680.058,127465.5325,Conservative,Actual,
2025-05-01,-6035.2425,121430.29000000001,Conservative,Actual,
2025-05-02,-8018.5665,113411.72350000001,Conservative,Actual,
2025-05-03,16721.217,130132.94050000001,Conservative,Actual,
2025-05-04,13780.962000000001,143913.90250000003,Conservative,Actual,
2025-05-05,11713.149000000001,155627.0515,Conservative,Actual,
2025-05-06,-33316.6155,122310.43600000002,Conservative,Actual,
2025-05-07,14259.393,136569.82900000003,Conservative,Actual,
2025-05-08,53816.427,190386.25600000002,Conservative,Actual,
2025-05-09,-391.7235,189994.53250000003,Conservative,Actual,
2025-05-10,39088.215,229082.74750000003,Conservative,Actual,
2025-05-11,5885.865000000001,234968.61250000002,Conservative,Actual,
2025-05-12,22808.916,257777.52850000001,Conservative,Actual,
2025-05-13,5631.642,263409.1705,Conservative,Actual,
2025-05-14,43281.819,306690.9895,Conservative,Actual,
2025-05-15,8726.346000000001,315417.33550000004,Conservative,Actual,
2025-05-16,13315.806,328733.1415,Conservative,Actual,
2025-05-17,80.901,328814.04250000004,Conservative,Actual,
2025-05-18,-12205.641000000001,316608.40150000004,Conservative,Actual,
2025-05-19,2510.757,319119.1585,Conservative,Actual,
2025-05-20,16316.207999999999,335435.3665,Conservative,Actual,
2025-05-21,6549.408,341984.7745,Conservative,Actual,
2025-05-22,2282.85,344267.6245,Conservative,Actual,
2025-05-23,38979.189,383246.8135,Conservative,Actual,
2025-05-24,7318.782,390565.5955,Conservative,Actual,
2025-05-25,3975.0840000000003,394540.67949999997,Conservative,Actual,
2025-05-26,27951.552,422492.2315,Conservative,Actual,
2025-05-27,-7403.088000000001,415089.1435,Conservative,Actual,
2025-05-28,13499.325,428588.4685,Conservative,Actual,
2025-05-29,0.0,428588.4685,Conservative,Actual,
2025-05-30,38554.884000000005,467143.35250000004,Conservative,Actual,
2025-05-31,19955.628,487098.98050000006,Conservative,Actual,
2025-06-01,6644.997,493743.97750000004,Conservative,Actual,
2025-06-02,-31666.0995,462077.878,Conservative,Actual,
2025-06-03,-19261.221,442816.657,Conservative,Actual,
2025-06-04,17568.567000000003,460385.224,Conservative,Actual,
2025-06-05,30407.04,490792.26399999997,Conservative,Actual,
2025-06-06,-2455.614,488336.64999999997,Conservative,Actual,
2025-06-07,14072.823,502409.47299999994,Conservative,Actual,
2025-06-08,-783.7935000000001,501625.6794999999,Conservative,Actual,
2025-06-09,-7881.8565,493743.8229999999,Conservative,Actual,
2025-06-10,-3896.697,489847.12599999993,Conservative,Actual,
2025-06-11,28636.812,518483.9379999999,Conservative,Actual,
2025-06-12,25301.754,543785.6919999999,Conservative,Actual,
2025-06-13,17380.674000000003,561166.3659999999,Conservative,Actual,
2025-06-14,-2659.3455000000004,558507.0204999999,Conservative,Actual,
2025-06-15,55220.094000000005,613727.1144999999,Conservative,Actual,
2025-06-16,-3745.476,609981.6384999999,Conservative,Actual,
2025-06-17,-14482.933500000001,595498.7049999998,Conservative,Actual,
2025-06-18,12006.819,607505.5239999999,Conservative,Actual,
2025-06-19,-14711.991,592793.5329999998,Conservative,Actual,
2025-06-20,6816.132,599609.6649999998,Conservative,Actual,
2025-06-21,40348.494000000006,639958.1589999998,Conservative,Actual,
2025-06-22,9851.175000000001,649809.3339999998,Conservative,Actual,
2025-06-23,19876.77,669686.1039999998,Conservative,Actual,
2025-06-24,-4278.8550000000005,665407.2489999998,Conservative,Actual,
2025-06-25,6186.213,671593.4619999998,Conservative,Actual,
2025-06-26,4319.478,675912.9399999998,Conservative,Actual,
2025-06-27,-6836.5289999999995,669076.4109999998,Conservative,Actual,
2025-06-28,5535.288,674611.6989999998,Conservative,Actual,
2025-06-29,5598.018000000001,680209.7169999998,Conservative,Actual,
2025-06-30,19946.439,700156.1559999998,Conservative,Actual,
2025-07-01,-15054.648000000001,685101.5079999998,Conservative,Actual,
2025-07-02,14132.763,699234.2709999998,Conservative,Actual,
2025-07-03,1728.045,700962.3159999999,Conservative,Actual,
2025-07-04,22561.038,723523.3539999998,Conservative,Actual,
2025-07-05,39579.057,763102.4109999998,Conservative,Actual,
2025-07-06,11427.561000000002,774529.9719999998,Conservative,Actual,
2025-07-07,22296.276,796826.2479999998,Conservative,Actual,
2025-07-08,-13374.102,783452.1459999998,Conservative,Actual,
2025-07-09,35383.014,818835.1599999998,Conservative,Actual,
2025-07-10,5868.72,824703.8799999998,Conservative,Actual,
2025-07-11,-5155.563000000001,819548.3169999998,Conservative,Actual,
2025-07-12,6962.517,826510.8339999998,Conservative,Actual,
2025-07-13,8883.441,835394.2749999998,Conservative,Actual,
2025-07-14,4204.872,839599.1469999998,Conservative,Actual,
2025-07-15,5382.8640000000005,844982.0109999997,Conservative,Actual,
2025-07-16,32395.248000000003,877377.2589999997,Conservative,Actual,
2025-07-17,-3061.1175,874316.1414999997,Conservative,Actual,
2025-07-18,30010.302,904326.4434999997,Conservative,Actual,
2025-07-19,17174.295,921500.7384999997,Conservative,Actual,
2025-07-20,20879.37,942380.1084999997,Conservative,Actual,
2025-07-21,-1823.3355000000001,940556.7729999997,Conservative,Actual,
2025-07-22,26045.415,966602.1879999997,Conservative,Actual,
2025-07-23,12035.007,978637.1949999997,Conservative,Actual,
2025-07-24,9092.871000000001,987730.0659999998,Conservative,Actual,
2025-07-25,21528.54,1009258.6059999998,Conservative,Actual,
2025-07-26,16879.212,1026137.8179999997,Conservative,Actual,
2025-07-27,11508.597,1037646.4149999997,Conservative,Actual,
2025-07-28,-3077.0144999999998,1034569.4004999996,Conservative,Actual,
2025-07-29,8041.977000000001,1042611.3774999996,Conservative,Actual,
2025-07-30,-5748.067500000001,1036863.3099999996,Conservative,Actual,
2025-07-31,35311.229999999996,1072174.5399999996,Conservative,Actual,
2025-08-01,27587.439,1099761.9789999996,Conservative,Actual,
2025-08-02,-6946.1805,1092815.7984999996,Conservative,Actual,
2025-08-03,23191.488,1116007.2864999995,Conservative,Actual,
2025-08-04,7603.434,1123610.7204999994,Conservative,Actual,
2025-08-05,13371.471000000001,1136982.1914999993,Conservative,Actual,
2025-08-06,9698.814,1146681.0054999993,Conservative,Actual,
2025-08-07,-1053.0135,1145627.9919999994,Conservative,Actual,
2025-08-08,17206.065,1162834.0569999993,Conservative,Actual,
2025-08-09,-18528.153000000002,1144305.9039999994,Conservative,Actual,
2025-08-10,-12818.158500000001,1131487.7454999995,Conservative,Actual,
2025-08-11,-8649.1965,1122838.5489999994,Conservative,Actual,
2025-08-12,17656.425,1140494.9739999995,Conservative,Actual,
2025-08-13,20227.518,1160722.4919999994,Conservative,Actual,
2025-08-14,18411.786,1179134.2779999995,Conservative,Actual,
2025-08-15,30368.349000000002,1209502.6269999994,Conservative,Actual,
2025-08-16,4617.738,1214120.3649999993,Conservative,Actual,
2025-08-17,15283.845,1229404.2099999993,Conservative,Actual,
2025-08-18,-12558.997500000001,1216845.2124999992,Conservative,Actual,
2025-08-19,37558.881,1254404.0934999993,Conservative,Actual,
2025-08-20,48602.682,1303006.7754999993,Conservative,Actual,
2025-08-21,0.0,1303006.7754999993,Conservative,Actual,
2025-08-22,-20784.981000000003,1282221.7944999994,Conservative,Actual,
2025-08-23,19186.389,1301408.1834999993,Conservative,Actual,
2025-08-24,-13935.936,1287472.2474999994,Conservative,Actual,
2025-08-25,-21248.1675,1266224.0799999994,Conservative,Actual,
2025-08-26,-17914.7745,1248309.3054999993,Conservative,Actual,
2025-08-27,7550.298,1255859.6034999993,Conservative,Actual,
2025-08-28,12473.01,1268332.6134999993,Conservative,Actual,
2025-08-29,4482.882,1272815.4954999993,Conservative,Actual,
2025-08-30,-6109.708500000001,1266705.7869999993,Conservative,Actual,
2025-08-31,2957.472,1269663.2589999994,Conservative,Actual,
2025-09-01,13378.689,1283041.9479999994,Conservative,Actual,
2025-09-02,24773.67,1307815.6179999993,Conservative,Actual,
2025-09-03,13362.957,1321178.5749999993,Conservative,Actual,
2025-09-04,23064.975000000002,1344243.5499999993,Conservative,Actual,
2025-09-05,5214.591,1349458.1409999994,Conservative,Actual,
2025-09-06,18103.968,1367562.1089999995,Conservative,Actual,
2025-09-07,7135.776000000001,1374697.8849999995,Conservative,Actual,
2025-09-08,14667.498,1389365.3829999994,Conservative,Actual,
2025-09-09,24818.454,1414183.8369999994,Conservative,Actual,
2025-09-10,8475.102,1422658.9389999993,Conservative,Actual,
2025-09-11,12576.744,1435235.6829999993,Conservative,Actual,
2025-09-12,-9884.637,1425351.0459999992,Conservative,Actual,
2025-09-13,-6972.126,1418378.9199999992,Conservative,Actual,
2025-09-14,38561.778,1456940.6979999992,Conservative,Actual,
2025-09-15,3470.787,1460411.4849999992,Conservative,Actual,
2025-09-16,16682.355,1477093.8399999992,Conservative,Actual,
2025-09-17,10430.856,1487524.695999999,Conservative,Actual,
2025-09-18,13884.57,1501409.2659999991,Conservative,Actual,
2025-09-19,7613.253000000001,1509022.5189999992,Conservative,Actual,
2025-09-20,-24341.971500000003,1484680.5474999992,Conservative,Actual,
2025-09-21,12484.935,1497165.4824999992,Conservative,Actual,
2025-09-22,1719.621,1498885.1034999993,Conservative,Actual,
2025-09-23,-16095.040500000001,1482790.0629999994,Conservative,Actual,
2025-09-24,8239.293000000001,1491029.3559999994,Conservative,Actual,
2025-09-25,-16066.7115,1474962.6444999995,Conservative,Actual,
2025-09-26,14811.471,1489774.1154999994,Conservative,Actual,
2025-09-27,-5265.728999999999,1484508.3864999993,Conservative,Actual,
2025-09-28,-16063.068000000001,1468445.3184999994,Conservative,Actual,
2025-09-29,2401.191,1470846.5094999995,Conservative,Actual,
2025-09-30,10476.594000000001,1481323.1034999995,Conservative,Actual,
2025-10-01,36005.508,1517328.6114999994,Conservative,Actual,
2025-10-02,-20189.2425,1497139.3689999995,Conservative,Actual,
2025-10-03,1262.07,1498401.4389999995,Conservative,Actual,
2025-10-04,-2822.8935,1495578.5454999995,Conservative,Actual,
2025-10-05,7081.0470000000005,1502659.5924999996,Conservative,Actual,
2025-10-06,7249.581,1509909.1734999996,Conservative,Actual,
2025-10-07,-17875.914,1492033.2594999995,Conservative,Actual,
2025-10-08,22706.676,1514739.9354999994,Conservative,Actual,
2025-10-09,-6639.024,1508100.9114999995,Conservative,Actual,
2025-10-10,36455.004,1544555.9154999994,Conservative,Actual,
2025-10-11,3662.6670000000004,1548218.5824999993,Conservative,Actual,
2025-10-12,-11102.427,1537116.1554999994,Conservative,Actual,
2025-10-13,40165.947,1577282.1024999993,Conservative,Actual,
2025-10-14,5314.086,1582596.1884999992,Conservative,Actual,
2025-10-15,-945.7139999999999,1581650.4744999993,Conservative,Actual,
2025-10-16,4235.795999999999,1585886.2704999994,Conservative,Actual,
2025-10-17,5299.227,1591185.4974999994,Conservative,Actual,
2025-10-18,8905.815,1600091.3124999993,Conservative,Actual,
2025-10-19,16813.845,1616905.1574999993,Conservative,Actual,
2025-10-20,16898.454,1633803.6114999992,Conservative,Actual,
2025-10-21,40920.345,1674723.9564999992,Conservative,Actual,
2025-10-22,2313.072,1677037.028499999,Conservative,Actual,
2025-10-23,38243.583000000006,1715280.6114999992,Conservative,Actual,
2025-10-24,11490.912,1726771.5234999992,Conservative,Actual,
2025-10-25,6641.073,1733412.5964999993,Conservative,Actual,
2025-10-26,-15198.981,1718213.6154999994,Conservative,Actual,
2025-10-27,33901.272000000004,1752114.8874999995,Conservative,Actual,
2025-10-28,414.05400000000003,1752528.9414999995,Conservative,Actual,
2025-10-29,5542.533,1758071.4744999995,Conservative,Actual,
2025-10-30,3928.3379999999997,1761999.8124999995,Conservative,Actual,
2025-10-31,-3272.4195000000004,1758727.3929999995,Conservative,Actual,
2025-11-01,7730.081999999999,1766457.4749999994,Conservative,Actual,
2025-11-02,-15749.097,1750708.3779999993,Conservative,Actual,
2025-11-03,-23059.47,1727648.9079999994,Conservative,Actual,
2025-11-04,-5933.035500000001,1721715.8724999994,Conservative,Actual,
2025-11-05,10910.934000000001,1732626.8064999992,Conservative,Actual,
2025-11-06,-8823.759,1723803.0474999992,Conservative,Actual,
2025-11-07,4661.7390000000005,1728464.7864999992,Conservative,Actual,
2025-11-08,6364.197,1734828.9834999992,Conservative,Actual,
2025-11-09,0.0,1734828.9834999992,Conservative,Actual,
2025-11-10,15662.016000000001,1750490.9994999992,Conservative,Actual,
2025-11-11,-6016.3005,1744474.6989999993,Conservative,Actual,
2025-11-12,5891.814,1750366.5129999993,Conservative,Actual,
,4455.4541800678435,1754821.9671800672,Conservative,Forecast,2025-11-13
,4440.844494361079,1759262.8116744282,Conservative,Forecast,2025-11-14
,4426.282714638268,1763689.0943890666,Conservative,Forecast,2025-11-15
,4411.768683812983,1768100.8630728796,Conservative,Forecast,2025-11-16
,4397.302245313896,1772498.1653181934,Conservative,Forecast,2025-11-17
,4382.883243083083,1776881.0485612764,Conservative,Forecast,2025-11-18
,4368.511521574343,1781249.5600828507,Conservative,Forecast,2025-11-19
,4354.18692575152,1785603.7470086024,Conservative,Forecast,2025-11-20
,4339.90930108683,1789943.6563096892,Conservative,Forecast,2025-11-21
,4325.678493559195,1794269.3348032483,Conservative,Forecast,2025-11-22
,4311.49434965258,1798580.829152901,Conservative,Forecast,2025-11-23
,4297.356716354339,1802878.1858692553,Conservative,Forecast,2025-11-24
,4283.265441153562,1807161.4513104088,Conservative,Forecast,2025-11-25
,4269.220372039431,1811430.6716824484,Conservative,Forecast,2025-11-26
,4255.221357499579,1815685.8930399478,Conservative,Forecast,2025-11-27
,4241.26824651846,1819927.1612864663,Conservative,Forecast,2025-11-28
,4227.360888575712,1824154.522175042,Conservative,Forecast,2025-11-29
,4213.499133644542,1828368.0213086866,Conservative,Forecast,2025-11-30
,4199.6828321901,1832567.7041408767,Conservative,Forecast,2025-12-01
,4185.911835167872,1836753.6159760444,Conservative,Forecast,2025-12-02
,4172.185994022066,1840925.8019700665,Conservative,Forecast,2025-12-03
,4158.505160684016,1845084.3071307507,Conservative,Forecast,2025-12-04
,4144.86918757058,1849229.1763183211,Conservative,Forecast,2025-12-05
,4131.27792758255,1853360.4542459038,Conservative,Forecast,2025-12-06
,4117.731234103064,1857478.1854800067,Conservative,Forecast,2025-12-07
,4104.228960996025,1861582.4144410028,Conservative,Forecast,2025-12-08
,4090.770962604526,1865673.1854036073,Conservative,Forecast,2025-12-09
,4077.3570937492755,1869750.5424973567,Conservative,Forecast,2025-12-10
,4063.987209727033,1873814.5297070837,Conservative,Forecast,2025-12-11
,4050.6611663090493,1877865.1908733926,Conservative,Forecast,2025-12-12
,4037.378819739509,1881902.5696931323,Conservative,Forecast,2025-12-13
,4024.140026733979,1885926.7097198663,Conservative,Forecast,2025-12-14
,4010.944644477866,1889937.6543643442,Conservative,Forecast,2025-12-15
,3997.7925306248717,1893935.4468949689,Conservative,Forecast,2025-12-16
,3984.6835432954613,1897920.1304382645,Conservative,Forecast,2025-12-17
,3971.6175410753294,1901891.7479793397,Conservative,Forecast,2025-12-18
,3958.594383013877,1905850.3423623536,Conservative,Forecast,2025-12-19
,3945.61392862269,1909795.9562909764,Conservative,Forecast,2025-12-20
,3932.676037874023,1913728.6323288502,Conservative,Forecast,2025-12-21
,3919.780571199291,1917648.4129000497,Conservative,Forecast,2025-12-22
,3906.92738948756,1921555.340289537,Conservative,Forecast,2025-12-23
,3894.1163540840507,1925449.4566436212,Conservative,Forecast,2025-12-24
,3881.3473267886397,1929330.8039704098,Conservative,Forecast,2025-12-25
,3868.62016985437,1933199.4241402643,Conservative,Forecast,2025-12-26
,3855.934745985964,1937055.3588862503,Conservative,Forecast,2025-12-27
,3843.290918338344,1940898.6498045884,Conservative,Forecast,2025-12-28
,3830.688550515154,1944729.3383551037,Conservative,Forecast,2025-12-29
,3818.12750656729,1948547.465861671,Conservative,Forecast,2025-12-30
,3805.6076509914324,1952353.0735126624,Conservative,Forecast,2025-12-31
,3793.128848728585,1956146.202361391,Conservative,Forecast,2026-01-01
,3780.690965162618,1959926.8933265535,Conservative,Forecast,2026-01-02
,3768.2938661188145,1963695.1871926724,Conservative,Forecast,2026-01-03
,3755.937417862425,1967451.1246105349,Conservative,Forecast,2026-01-04
,3743.6214870972226,1971194.746097632,Conservative,Forecast,2026-01-05
,3731.3459409640677,1974926.092038596,Conservative,Forecast,2026-01-06
,3719.110647039473,1978645.2026856355,Conservative,Forecast,2026-01-07
,3706.9154733341743,1982352.1181589698,Conservative,Forecast,2026-01-08
,3694.760288291708,1986046.8784472614,Conservative,Forecast,2026-01-09
,3682.6449607869927,1989729.5234080486,Conservative,Forecast,2026-01-10
,3670.5693601249122,1993400.0927681734,Conservative,Forecast,2026-01-11
,3658.5333560389076,1997058.6261242123,Conservative,Forecast,2026-01-12
,3646.536818689571,2000705.162942902,Conservative,Forecast,2026-01-13
,3634.579618663246,2004339.742561565,Conservative,Forecast,2026-01-14
,3622.6616269706296,2007962.4041885356,Conservative,Forecast,2026-01-15
,3610.7827150453836,2011573.186903581,Conservative,Forecast,2026-01-16
,3598.942754742745,2015172.1296583237,Conservative,Forecast,2026-01-17
,3587.1416183381443,2018759.271276662,Conservative,Forecast,2026-01-18
,3575.3791785258295,2022334.6504551878,Conservative,Forecast,2026-01-19
,3563.6553084174907,2025898.3057636053,Conservative,Forecast,2026-01-20
,3551.9698815408915,2029450.2756451461,Conservative,Forecast,2026-01-21
,3540.3227718385056,2032990.5984169845,Conservative,Forecast,2026-01-22
,3528.713853666156,2036519.3122706509,Conservative,Forecast,2026-01-23
,3517.1430017916605,2040036.4552724424,Conservative,Forecast,2026-01-24
,3505.61009139348,2043542.065363836,Conservative,Forecast,2026-01-25
,3494.1149980593727,2047036.1803618954,Conservative,Forecast,2026-01-26
,3482.6575977850507,2050518.8379596802,Conservative,Forecast,2026-01-27
,3471.237766972844,2053990.0757266532,Conservative,Forecast,2026-01-28
,3459.855382430366,2057449.9311090836,Conservative,Forecast,2026-01-29
,3448.5103213691846,2060898.4414304527,Conservative,Forecast,2026-01-30
,3437.202461403499,2064335.6438918563,Conservative,Forecast,2026-01-31
,3425.931680548817,2067761.575572405,Conservative,Forecast,2026-02-01
,3414.6978572206413,2071176.2734296257,Conservative,Forecast,2026-02-02
,3403.5008702331565,2074579.7742998588,Conservative,Forecast,2026-02-03
,3392.3405987979227,2077972.114898657,Conservative,Forecast,2026-02-04
