SKU,SKUName,Category,Subcat,UnitsSold,AvgSellPrice,AvgUnitCost,UnitMargin,TotalMargin,Revenue,VendorID,VendorName,Region,Terms,MarginFlag
SKU000243,Director Tea,Beverages,Tea,1472.0,5.635246,3.5770817023445463,0.44923434355828284,661.2729537177923,8295.082112,V0079,"Blake, Barnett and Trevino",QLD,Net60,Low % margin
SKU000371,Star Juice,Beverages,Juice,1964.0,4.904642727272727,3.5747519129782446,-0.28136892916899026,-552.6085768878969,9632.718316363636,V0024,"Rodriguez, Caldwell and Sims",VIC,Net60,Loss-making
SKU000289,Speak Tea,Beverages,Tea,1596.0,5.394416249999999,5.758263153384747,0.20840459355828145,332.6137313190172,8609.488334999998,V0018,"Ortiz, Diaz and Hayes",NSW,Net60,Low % margin
SKU000416,Low Spray,Cleaning,Spray,2518.0,5.080747999999999,4.083232506082725,-0.10526365644171864,-265.0538869202475,12793.323463999997,V0016,"Zhang, Jones and Castro",TAS,Net30,Loss-making
SKU000287,Listen Wet Food,Pet,Wet Food,1218.0,5.80371,7.485406855006233,0.6176983435582821,752.3565824539876,7068.91878,V0077,"Miller, Castillo and Vasquez",SA,Net45,Low $ margin
SKU000259,Same Treats,Pet,Treats,1127.0,6.026790000000001,5.8717808243101635,0.8407783435582834,947.5571931901854,6792.192330000001,V0023,"Walker, Lynch and Hawkins",WA,Net30,Low $ margin
SKU000086,Turn Juice,Beverages,Juice,1182.0,4.2321542857142855,7.394194078947369,-0.953857370727432,-1127.4594121998248,5002.406365714285,V0031,Ware Group,QLD,Net30,Loss-making
SKU000059,Fall Water,Beverages,Water,653.0,5.9364833333333324,6.83627628075837,0.7504716768916149,490.0580050102245,3876.523616666666,V0039,"Mendoza, King and Haley",SA,Net30,Low $ margin
SKU000379,Debate Treats,Pet,Treats,1387.0,6.003116666666667,5.903190709504686,0.8171050102249495,1133.324649182005,8326.322816666667,V0036,Johnson-Wright,NSW,Net30,Low $ margin
SKU000162,Such Toothpaste,Personal Care,Toothpaste,1043.0,3.514976,5.258524880219028,-1.6710356564417177,-1742.8901896687116,3666.119968,V0034,Schroeder-Webb,NSW,Net45,Loss-making
SKU000481,Sea Wipes,Cleaning,Wipes,1078.0,5.802978,5.437044047135312,0.6169663435582828,665.089718355829,6255.610284,V0008,Fernandez-Benson,TAS,Net30,Low $ margin
SKU000351,Low Coffee,Beverages,Coffee,1087.0,5.424878571428571,7.94316149870801,0.2388669149868532,259.64833659070945,5896.843007142857,V0031,Ware Group,QLD,Net30,Low % margin
SKU000579,Act Juice,Beverages,Juice,528.0,4.651538333333334,6.8717709567751335,-0.5344733231083838,-282.20191460122663,2456.01224,V0076,Perez-Melendez,NSW,Net45,Loss-making
SKU000182,Resource Bars,Snacks,Bars,1557.0,4.6062840000000005,5.476955137254902,-0.5797276564417171,-902.6359610797535,7171.984188,V0015,"Novak, Shannon and Fischer",WA,Net30,Loss-making
SKU000384,On Shampoo,Personal Care,Shampoo,1151.0,5.311158571428572,4.508780208786428,0.12514691498685426,144.04409914986925,6113.143515714286,V0011,Martin-Chandler,VIC,Net30,Low % margin
SKU000063,Yeah Treats,Pet,Treats,1981.0,5.903262727272727,7.892652680652682,0.7172510708310096,1420.87437131623,11694.363462727273,V0006,Benson Group,VIC,Net45,Low $ margin
SKU000173,Act Nuts,Snacks,Nuts,2361.0,5.830928846153847,4.005480616438356,0.6449171897121291,1522.6494849103367,13766.823005769233,V0077,"Miller, Castillo and Vasquez",SA,Net45,Low $ margin
SKU000557,Scene Dry Food,Pet,Dry Food,2478.0,4.058420909090909,4.256112431056428,-1.1275907473508084,-2794.1698719353035,10056.767012727272,V0008,Fernandez-Benson,TAS,Net30,Loss-making
SKU000198,Coach Spray,Cleaning,Spray,1046.0,3.9720709999999997,3.323780962343096,-1.213940656441718,-1269.781926638037,4154.786266,V0053,Ryan-Nguyen,QLD,Net30,Loss-making
SKU000505,Leg Treats,Pet,Treats,1637.0,5.247225000000001,8.40472334437086,0.06121334355828356,100.2062434049102,8589.707325000001,V0007,"Townsend, Russell and Ramos",NSW,Net45,Low % margin
SKU000300,Remain Bars,Snacks,Bars,1820.0,5.8868219999999996,7.397317937092661,0.700810343558282,1275.4748252760733,10714.016039999999,V0053,Ryan-Nguyen,QLD,Net30,Low $ margin
SKU000414,Similar Toothpaste,Personal Care,Toothpaste,293.0,1.2856750000000001,4.731336103896104,-3.9003366564417172,-1142.7986403374232,376.70277500000003,V0071,Ruiz-Palmer,TAS,Net30,Loss-making
SKU000315,Site Spray,Cleaning,Spray,2479.0,5.8020625,3.8063393900889455,0.6160508435582823,1527.1900411809818,14383.312937499999,V0024,"Rodriguez, Caldwell and Sims",VIC,Net60,Low $ margin
SKU000521,Hair Juice,Beverages,Juice,1154.0,6.0918079999999994,4.033813679068019,0.9057963435582819,1045.2889804662573,7029.946432,V0072,Jones-Johnson,QLD,Net45,Low $ margin
SKU000541,Throw Wipes,Cleaning,Wipes,1201.0,5.645069999999999,3.2331776418242493,0.4590583435582811,551.3290706134957,6779.7290699999985,V0060,"Thompson, Dawson and King",NSW,Net30,Low % margin
SKU000488,Lay Toothpaste,Personal Care,Toothpaste,2065.0,5.716176999999999,5.892339797713281,0.5301653435582816,1094.7914344478515,11803.905504999999,V0012,Washington-Lopez,SA,Net60,Low % margin
SKU000055,Decision Tea,Beverages,Tea,1893.0,6.076193,2.6962388819875778,0.8901813435582824,1685.1132833558286,11502.233349,V0053,Ryan-Nguyen,QLD,Net30,Low $ margin
SKU000372,Red Toothpaste,Personal Care,Toothpaste,1221.0,5.820286,8.237391522988506,0.6342743435582827,774.4489734846632,7106.569206,V0072,Jones-Johnson,QLD,Net45,Low $ margin
SKU000085,Worry Treats,Pet,Treats,2362.0,5.97904090909091,6.831466484184914,0.793029252649192,1873.1350947573915,14122.494627272728,V0080,"Wilkins, Baker and Olson",TAS,Net45,Low $ margin
SKU000223,No Spray,Cleaning,Spray,1437.0,4.193073888888889,6.092913000890473,-0.9929377675528288,-1426.851571973415,6025.447178333333,V0068,"Kaiser, Rodriguez and Jones",QLD,Net45,Loss-making
SKU000309,Partner Toothpaste,Personal Care,Toothpaste,1715.0,5.926575,5.186011656441718,0.7405633435582821,1270.066134202454,10164.076125,V0004,"Rose, Kramer and Smith",QLD,Net45,Low $ margin
SKU000087,Sea Soap,Personal Care,Soap,625.0,6.081633,7.318945665961945,0.8956213435582825,559.7633397239266,3801.020625,V0075,Ross LLC,NSW,Net45,Low $ margin
SKU000227,Contain Toothpaste,Personal Care,Toothpaste,1307.0,5.376027142857143,5.9347264185202,0.1900154864154251,248.3502407449606,7026.467475714286,V0019,Stewart-Washington,WA,Net45,Low % margin
SKU000256,Year Nuts,Snacks,Nuts,1295.0,6.048684166666667,4.631625017921147,0.8626725102249493,1117.1609007413094,7833.045995833334,V0056,Mckinney PLC,SA,Net45,Low $ margin
SKU000321,Hospital Detergent,Cleaning,Detergent,1635.0,5.123492222222222,6.5861003339694655,-0.0625194342194959,-102.2192749488758,8376.909783333333,V0030,Ali PLC,QLD,Net45,Loss-making
SKU000114,Own Tea,Beverages,Tea,618.0,4.269312500000001,5.955728499749122,-0.9166991564417168,-566.520078680981,2638.4351250000004,V0073,"Hamilton, Wright and Padilla",VIC,Net30,Loss-making
SKU000023,Nearly Juice,Beverages,Juice,2497.0,5.804309090909092,8.324979372623574,0.6182974344673742,1543.8886938650332,14493.359800000002,V0045,Jennings-Finley,WA,Net45,Low $ margin
SKU000237,Surface Spray,Cleaning,Spray,1785.0,6.090797222222221,5.877116789667896,0.9047855657805037,1615.0422349181993,10872.073041666665,V0060,"Thompson, Dawson and King",NSW,Net30,Low $ margin
SKU000600,Court Dry Food,Pet,Dry Food,2913.0,5.137041428571428,5.668488373458604,-0.048970227870289484,-142.65027378615326,14964.20168142857,V0067,Kelly LLC,VIC,Net60,Loss-making
SKU000564,Discuss Tea,Beverages,Tea,875.0,4.9437066666666665,2.712077623762376,-0.2423049897750511,-212.0168660531697,4325.743333333333,V0039,"Mendoza, King and Haley",SA,Net30,Loss-making
SKU000101,Year Soap,Personal Care,Soap,1003.0,4.78351,5.531622045914922,-0.40250165644171787,-403.709161411043,4797.86053,V0062,Parker LLC,VIC,Net60,Loss-making
SKU000362,Chair Shampoo,Personal Care,Shampoo,1290.0,5.114556428571428,5.192764080024249,-0.07145522787029002,-92.17724395267412,6597.777792857141,V0072,Jones-Johnson,QLD,Net45,Loss-making
SKU000111,Hope Spray,Cleaning,Spray,1670.0,5.759983571428572,7.642707823800132,0.5739719149868545,958.533098028047,9619.172564285715,V0046,Baker LLC,TAS,Net30,Low % margin
SKU000214,Garden Tea,Beverages,Tea,750.0,4.379959166666667,4.044685572842999,-0.806052489775051,-604.5393673312882,3284.969375,V0005,"Patterson, Thomas and Potter",VIC,Net60,Loss-making
SKU000014,Forget Coffee,Beverages,Coffee,1168.0,4.818496666666667,4.8609601351351355,-0.36751498977505026,-429.2575080572587,5628.004106666667,V0002,"Campbell, Bridges and Fritz",SA,Net45,Loss-making
SKU000323,My Detergent,Cleaning,Detergent,1369.0,5.880674166666666,7.647631273062729,0.6946625102249486,950.9929764979547,8050.642934166666,V0010,Martinez Inc,SA,Net60,Low $ margin
SKU000306,Agreement Spray,Cleaning,Spray,1805.0,5.8404357142857135,3.9607714285714284,0.6544240578439959,1181.2354244084127,10541.986464285714,V0039,"Mendoza, King and Haley",SA,Net30,Low $ margin
SKU000558,Detail Toothpaste,Personal Care,Toothpaste,1759.0,5.806012857142856,8.352051262349068,0.6200012007011386,1090.5821120333028,10212.776615714283,V0071,Ruiz-Palmer,TAS,Net30,Low $ margin
SKU000071,Fast Nuts,Snacks,Nuts,2026.0,6.057871666666667,4.331641288913163,0.8718600102249496,1766.3883807157479,12273.247996666667,V0072,Jones-Johnson,QLD,Net45,Low $ margin
SKU000426,Time Wet Food,Pet,Wet Food,1044.0,5.134049999999999,5.938641058394161,-0.05196165644171824,-54.247969325153846,5359.948199999999,V0003,Morton-Hunt,SA,Net60,Loss-making
SKU000130,Paper Chips,Snacks,Chips,1124.0,4.692888000000001,4.320234885126965,-0.49312365644171674,-554.2709898404896,5274.806112000001,V0044,Taylor-Le,TAS,Net30,Loss-making
SKU000431,Property Soap,Personal Care,Soap,1565.0,6.162712499999999,8.039834338662791,0.9767008435582811,1528.53682016871,9644.645062499998,V0032,"Bennett, Wright and Walter",WA,Net45,Low $ margin
SKU000460,Act Wet Food,Pet,Wet Food,1386.0,3.4562949999999995,4.4142562617702445,-1.7297166564417181,-2397.387285828221,4790.424869999999,V0036,Johnson-Wright,NSW,Net30,Loss-making
SKU000105,For Detergent,Cleaning,Detergent,1402.0,5.137549,4.9426011134127394,-0.048462656441717655,-67.94464433128815,7202.843698,V0022,Pierce Ltd,WA,Net30,Loss-making
SKU000248,Power Treats,Pet,Treats,1015.0,5.99422,7.520353316106806,0.8082083435582827,820.331468711657,6084.1333,V0061,"Jacobs, Reese and Sanchez",WA,Net60,Low $ margin
SKU000594,Vote Bars,Snacks,Bars,1851.0,4.818926875000001,3.8662527632951,-0.36708478144171686,-679.4739304486179,8919.833645625002,V0027,Waters LLC,NSW,Net60,Loss-making
SKU000497,Life Wipes,Cleaning,Wipes,538.0,3.9540775,2.7122608621667608,-1.2319341564417177,-662.7805761656441,2127.293695,V0059,Lin-Sanders,NSW,Net30,Loss-making
SKU000098,Listen Nuts,Snacks,Nuts,1604.0,4.7350264285714285,4.39346646884273,-0.45098522787028905,-723.3803055039436,7594.982391428572,V0005,"Patterson, Thomas and Potter",VIC,Net60,Loss-making
SKU000465,Article Toothpaste,Personal Care,Toothpaste,1803.0,4.567219444444444,4.3161202191780825,-0.618792211997274,-1115.682358231085,8234.696658333332,V0062,Parker LLC,VIC,Net60,Loss-making
SKU000161,Respond Dry Food,Pet,Dry Food,1417.0,5.57348,4.041124755700325,0.3874683435582824,549.0426428220862,7897.62116,V0058,"Schroeder, Gibbs and Smith",NSW,Net30,Low % margin
SKU000136,Manage Coffee,Beverages,Coffee,2384.0,5.615413125,7.899138823529412,0.4294014685582823,1023.693101042945,13387.14489,V0061,"Jacobs, Reese and Sanchez",WA,Net60,Low % margin
SKU000417,Structure Tea,Beverages,Tea,1144.0,6.157746875000001,6.180324580335731,0.9717352185582833,1111.665090030676,7044.462425000001,V0027,Waters LLC,NSW,Net60,Low $ margin
SKU000160,Market Chips,Snacks,Chips,1874.0,3.922081,4.828333545816733,-1.2639306564417176,-2368.606050171779,7349.979794,V0059,Lin-Sanders,NSW,Net30,Loss-making
SKU000430,Energy Detergent,Cleaning,Detergent,1452.0,4.413876428571429,6.312054461667364,-0.7721352278702884,-1121.1403508676588,6408.948574285715,V0056,Mckinney PLC,SA,Net45,Loss-making
SKU000556,School Dry Food,Pet,Dry Food,1405.0,6.166768571428571,4.132341920251836,0.9807569149868538,1377.9634655565296,8664.309842857143,V0050,Lopez Ltd,TAS,Net45,Low $ margin
SKU000531,Firm Chips,Snacks,Chips,684.0,5.399656666666666,4.456069218464351,0.21364501022494853,146.1331869938648,3693.36516,V0077,"Miller, Castillo and Vasquez",SA,Net45,Low % margin
SKU000181,Billion Detergent,Cleaning,Detergent,2167.0,3.2236433333333334,2.4127392092257,-1.9623683231083842,-4252.452156175868,6985.635103333333,V0057,Munoz PLC,TAS,Net30,Loss-making
SKU000451,Discover Chips,Snacks,Chips,1042.0,3.5502000000000002,6.338189983117614,-1.6358116564417173,-1704.5157460122696,3699.3084000000003,V0006,Benson Group,VIC,Net45,Loss-making
SKU000104,Between Toothpaste,Personal Care,Toothpaste,996.0,3.21361625,7.29707845906902,-1.9723954064417177,-1964.505824815951,3200.7617849999997,V0070,"Howell, Smith and Newman",QLD,Net45,Loss-making
SKU000492,History Tea,Beverages,Tea,1567.0,5.510657857142857,8.27351968,0.3246462007011397,508.7205964986859,8635.200862142858,V0009,"Crane, Richardson and Moore",TAS,Net45,Low % margin
SKU000103,Choose Bars,Snacks,Bars,1263.0,5.313591428571429,3.1922121057985757,0.12757977212971117,161.1332521998252,6711.065974285714,V0013,Harrison and Sons,VIC,Net60,Low % margin
SKU000590,Already Soap,Personal Care,Soap,1781.0,5.628277142857143,5.333759085320876,0.4422654864154252,787.6748313058722,10023.961591428571,V0041,Pope-Keith,NSW,Net60,Low % margin
SKU000443,Discover Bars,Snacks,Bars,1258.0,4.983439166666667,2.824736877946569,-0.2025724897750507,-254.8361921370138,6269.166471666667,V0071,Ruiz-Palmer,TAS,Net30,Loss-making
SKU000544,Ok Spray,Cleaning,Spray,881.0,5.466114166666666,5.672733955417314,0.2801025102249488,246.7703115081799,4815.646580833333,V0064,"Burke, Romero and Navarro",SA,Net60,Low % margin
SKU000030,Maintain Bars,Snacks,Bars,1434.0,4.459090555555556,4.636806317689531,-0.7269211008861616,-1042.4048586707556,6394.3358566666675,V0080,"Wilkins, Baker and Olson",TAS,Net45,Loss-making
SKU000266,Positive Detergent,Cleaning,Detergent,1785.0,5.988194444444444,5.598814990689012,0.8021827880027264,1431.8962765848667,10688.927083333332,V0067,Kelly LLC,VIC,Net60,Low $ margin
SKU000133,Threat Dry Food,Pet,Dry Food,581.0,1.8507166666666668,2.779533704735376,-3.3352949897750506,-1937.8063890593044,1075.2663833333334,V0003,Morton-Hunt,SA,Net60,Loss-making
SKU000364,Discuss Shampoo,Personal Care,Shampoo,1338.0,5.667773333333334,3.0240226660009983,0.4817616768916162,644.5971236809825,7583.4807200000005,V0033,Hoffman Group,QLD,Net60,Low % margin
SKU000568,Election Soap,Personal Care,Soap,691.0,4.3289125,4.913187149095447,-0.8570991564417172,-592.2555171012266,2991.2785375000003,V0043,Parker-Ferguson,VIC,Net30,Loss-making
SKU000215,Their Wet Food,Pet,Wet Food,1501.0,5.553925833333334,6.633007442849547,0.36791417689161676,552.2391795143168,8336.442675833336,V0035,Williams-Scott,VIC,Net60,Low % margin
SKU000470,As Dry Food,Pet,Dry Food,526.0,5.5218925,4.761473883696781,0.3358808435582823,176.67332371165648,2904.5154549999997,V0041,Pope-Keith,NSW,Net60,Low % margin
SKU000391,Hospital Detergent,Cleaning,Detergent,1028.0,5.969291,3.1308822865208183,0.7832793435582825,805.2111651779145,6136.431148000001,V0075,Ross LLC,NSW,Net45,Low $ margin
SKU000511,Water Detergent,Cleaning,Detergent,371.0,5.241573333333333,8.07738121748179,0.05556167689161562,20.613382126789396,1944.6237066666665,V0011,Martin-Chandler,VIC,Net30,Low % margin
SKU000032,Compare Nuts,Snacks,Nuts,899.0,3.82399375,6.860418404478656,-1.3620179064417175,-1224.454097891104,3437.77038125,V0011,Martin-Chandler,VIC,Net30,Loss-making
SKU000156,Policy Detergent,Cleaning,Detergent,1156.0,3.1680825000000006,4.36095060331825,-2.017929156441717,-2332.726104846625,3662.3033700000005,V0076,Perez-Melendez,NSW,Net45,Loss-making
SKU000415,Station Shampoo,Personal Care,Shampoo,2144.0,5.402754090909091,3.8080853142501554,0.21674243446737318,464.69577949804807,11583.50477090909,V0025,Reed-Harper,NSW,Net30,Low % margin
SKU000231,Minute Soap,Personal Care,Soap,759.0,5.261268571428572,5.901238758708043,0.07525691498685472,57.11999847502273,3993.3028457142864,V0014,Deleon and Sons,WA,Net30,Low % margin
SKU000176,Avoid Wet Food,Pet,Wet Food,1103.0,5.541335,7.6894851476421335,0.35532334355828255,391.92164794478566,6112.0925050000005,V0006,Benson Group,VIC,Net45,Low % margin
SKU000044,Beat Detergent,Cleaning,Detergent,2010.0,5.4457794999999996,6.282975201072387,0.259767843558282,522.1333655521468,10946.016795,V0041,Pope-Keith,NSW,Net60,Low % margin
SKU000038,Hot Wipes,Cleaning,Wipes,2125.0,3.455512777777778,5.201038895089286,-1.7304988786639397,-3677.310117160872,7342.964652777778,V0060,"Thompson, Dawson and King",NSW,Net30,Loss-making
SKU000555,Democrat Juice,Beverages,Juice,414.0,6.093287999999999,5.277894219325589,0.9072763435582818,375.61240623312864,2522.621232,V0053,Ryan-Nguyen,QLD,Net30,Low $ margin
SKU000572,Story Spray,Cleaning,Spray,797.0,5.383441,7.08084397137746,0.1974293435582828,157.3511868159514,4290.602477,V0078,"Jacobs, Lewis and Cole",VIC,Net45,Low % margin
SKU000171,Push Dry Food,Pet,Dry Food,556.0,5.784745,6.833064839319471,0.5987333435582824,332.89573901840504,3216.31822,V0018,"Ortiz, Diaz and Hayes",NSW,Net60,Low $ margin
SKU000466,Everybody Chips,Snacks,Chips,1268.0,6.16273875,6.821470170454545,0.9767270935582824,1238.489954631902,7814.3527349999995,V0007,"Townsend, Russell and Ramos",NSW,Net45,Low $ margin
SKU000022,Base Coffee,Beverages,Coffee,2048.0,3.7094885000000004,4.40359009752438,-1.4765231564417172,-3023.9194243926368,7597.032448000001,V0053,Ryan-Nguyen,QLD,Net30,Loss-making
SKU000366,However Toothpaste,Personal Care,Toothpaste,435.0,4.155712,5.17268834148176,-1.0302996564417173,-448.180350552147,1807.7347200000002,V0043,Parker-Ferguson,VIC,Net30,Loss-making
SKU000482,Life Soap,Personal Care,Soap,417.0,4.757728,8.38246469387755,-0.4282836564417174,-178.59428473619616,1983.9725760000001,V0047,"Wright, Sosa and Fisher",NSW,Net60,Loss-making
SKU000257,Majority Chips,Snacks,Chips,188.0,5.3861,5.1279523557904,0.2000883435582823,37.61660858895708,1012.5867999999999,V0063,"Pratt, Burns and Berry",SA,Net60,Low % margin
SKU000598,Particularly Wet Food,Pet,Wet Food,1783.0,5.883713333333333,4.75153708086785,0.6977016768916151,1244.0020898977498,10490.660873333332,V0034,Schroeder-Webb,NSW,Net45,Low $ margin
SKU000249,None Wet Food,Pet,Wet Food,1686.0,5.753982777777777,4.902080448065172,0.5679711213360594,957.5993105725962,9701.214963333332,V0074,Cummings-Bryant,SA,Net60,Low % margin
SKU000499,Raise Toothpaste,Personal Care,Toothpaste,1445.0,5.6247912499999995,5.486541067415731,0.4387795935582819,634.0365126917173,8127.823356249999,V0045,Jennings-Finley,WA,Net45,Low % margin
SKU000358,Less Spray,Cleaning,Spray,1166.0,5.797685833333333,5.277791964285714,0.6116741768916159,713.212090255624,6760.101681666667,V0024,"Rodriguez, Caldwell and Sims",VIC,Net60,Low $ margin
SKU000064,Increase Wipes,Cleaning,Wipes,807.0,5.578928749999999,4.389590322580645,0.39291709355828175,317.0840945015334,4502.195501249999,V0050,Lopez Ltd,TAS,Net45,Low % margin
SKU000585,Right Chips,Snacks,Chips,894.0,5.4658308333333325,6.621633734939759,0.27981917689161495,250.15834414110375,4886.452764999999,V0016,"Zhang, Jones and Castro",TAS,Net30,Low % margin
SKU000302,Trial Shampoo,Personal Care,Shampoo,1299.0,4.521123333333333,5.2173998385360605,-0.6648883231083849,-863.689931717792,5872.93921,V0069,Sims Group,VIC,Net60,Loss-making
SKU000033,Score Bars,Snacks,Bars,1023.0,4.275623333333334,5.662252406417112,-0.9103883231083838,-931.3272545398767,4373.962670000001,V0044,Taylor-Le,TAS,Net30,Loss-making
SKU000308,Land Bars,Snacks,Bars,1512.0,4.058142142857143,4.406064485981308,-1.1278695135845744,-1705.3387045398765,6135.91092,V0072,Jones-Johnson,QLD,Net45,Loss-making
SKU000512,Look Tea,Beverages,Tea,1704.0,6.09643909090909,8.945890460157127,0.9104274344673726,1551.368348332403,10388.33221090909,V0058,"Schroeder, Gibbs and Smith",NSW,Net30,Low $ margin
SKU000526,Successful Juice,Beverages,Juice,1476.0,4.555945,4.6234666044776125,-0.6300666564417172,-929.9783849079746,6724.574820000001,V0077,"Miller, Castillo and Vasquez",SA,Net45,Loss-making
SKU000525,Add Wipes,Cleaning,Wipes,705.0,1.96667125,3.526205263157895,-3.2193404064417175,-2269.634986541411,1386.50323125,V0038,Lucero Ltd,NSW,Net45,Loss-making
SKU000432,Case Bars,Snacks,Bars,457.0,3.607906666666667,2.389516385542169,-1.5781049897750505,-721.1939803271981,1648.8133466666668,V0039,"Mendoza, King and Haley",SA,Net30,Loss-making
SKU000021,Continue Chips,Snacks,Chips,649.0,4.906895,5.747456671899529,-0.279116656441718,-181.146710030675,3184.574855,V0068,"Kaiser, Rodriguez and Jones",QLD,Net45,Loss-making
SKU000012,Form Wet Food,Pet,Wet Food,625.0,5.718428333333333,7.240756811451135,0.5324166768916152,332.7604230572595,3574.017708333333,V0053,Ryan-Nguyen,QLD,Net30,Low % margin
SKU000267,Evidence Chips,Snacks,Chips,1159.0,5.4751675,7.477174368932039,0.28915584355828283,335.13162268404983,6345.7191325,V0044,Taylor-Le,TAS,Net30,Low % margin
SKU000445,Design Juice,Beverages,Juice,860.0,4.9287125000000005,6.645199542072124,-0.2572991564417171,-221.2772745398767,4238.69275,V0019,Stewart-Washington,WA,Net45,Loss-making
SKU000336,Cut Wet Food,Pet,Wet Food,1051.0,5.751510000000001,4.654439278350516,0.565498343558283,594.3387590797554,6044.83701,V0011,Martin-Chandler,VIC,Net30,Low % margin
SKU000408,Establish Spray,Cleaning,Spray,1042.0,5.062947142857142,5.884605220633934,-0.12306451358457515,-128.23322315512732,5275.590922857143,V0029,"Roach, Mullen and Russell",QLD,Net60,Loss-making
SKU000344,Doctor Bars,Snacks,Bars,1520.0,4.911161666666667,7.481094636015325,-0.27484998977505093,-417.77198445807744,7464.965733333333,V0061,"Jacobs, Reese and Sanchez",WA,Net60,Loss-making
SKU000185,Here Soap,Personal Care,Soap,1698.0,4.305438125,5.740450909090909,-0.8805735314417173,-1495.213856388036,7310.63393625,V0078,"Jacobs, Lewis and Cole",VIC,Net45,Loss-making
SKU000230,Home Soap,Personal Care,Soap,827.0,1.29723,8.11073914893617,-3.8887816564417177,-3216.0224298773005,1072.8092100000001,V0058,"Schroeder, Gibbs and Smith",NSW,Net30,Loss-making
SKU000007,Need Nuts,Snacks,Nuts,718.0,5.104273333333333,4.481339074486513,-0.08173832310838414,-58.688115991819814,3664.8682533333335,V0061,"Jacobs, Reese and Sanchez",WA,Net60,Loss-making
SKU000491,Prove Coffee,Beverages,Coffee,680.0,5.795617142857142,7.526552332912988,0.6096054864154246,414.5317307624887,3941.0196571428564,V0067,Kelly LLC,VIC,Net60,Low $ margin
SKU000407,Tree Wipes,Cleaning,Wipes,1154.0,5.478853333333334,3.405529952021933,0.29284167689161666,337.9392951329256,6322.596746666668,V0075,Ross LLC,NSW,Net45,Low % margin
SKU000051,Class Wet Food,Pet,Wet Food,2420.0,5.762850555555556,7.23639234793983,0.576838899113838,1395.950135855488,13946.098344444445,V0009,"Crane, Richardson and Moore",TAS,Net45,Low $ margin
SKU000513,Threat Water,Beverages,Water,1254.0,6.1565778571428575,6.172869049489395,0.97056620070114,1217.0900156792295,7720.3486328571435,V0061,"Jacobs, Reese and Sanchez",WA,Net60,Low $ margin
SKU000346,Me Soap,Personal Care,Soap,1735.0,5.63103,8.008232986627043,0.4450183435582824,772.1068260736199,9769.83705,V0014,Deleon and Sons,WA,Net30,Low % margin
SKU000418,Capital Treats,Pet,Treats,529.0,6.08969875,6.731809079033312,0.9036870935582826,478.0504724923315,3221.45063875,V0004,"Rose, Kramer and Smith",QLD,Net45,Low $ margin
SKU000340,Create Juice,Beverages,Juice,687.0,6.098331250000001,6.538293671341244,0.9123195935582835,626.7635607745408,4189.5535687500005,V0026,Sanchez-Jackson,TAS,Net45,Low $ margin
SKU000490,Against Wipes,Cleaning,Wipes,1814.0,6.057662500000002,5.136073106646058,0.8716508435582844,1581.1746302147278,10988.599775000004,V0007,"Townsend, Russell and Ramos",NSW,Net45,Low $ margin
SKU000305,Catch Tea,Beverages,Tea,1397.0,5.018142142857143,3.405060638820639,-0.16786951358457447,-234.51371047765053,7010.344573571429,V0001,Butler Group,QLD,Net30,Loss-making
SKU000092,Particularly Wet Food,Pet,Wet Food,600.0,5.181467499999999,3.9256971830985914,-0.00454415644171835,-2.72649386503101,3108.8804999999998,V0017,"Wilcox, Harris and Leblanc",WA,Net45,Loss-making
SKU000551,Interview Tea,Beverages,Tea,824.0,5.94126,10.706313085234093,0.7552483435582822,622.3246350920246,4895.598239999999,V0070,"Howell, Smith and Newman",QLD,Net45,Low $ margin
SKU000255,Develop Treats,Pet,Treats,665.0,6.082158333333333,3.568977364223319,0.8961466768916155,595.9375401329244,4044.6352916666665,V0065,"Collins, Lyons and Fox",TAS,Net30,Low $ margin
SKU000209,Daughter Wipes,Cleaning,Wipes,851.0,2.9846200000000005,5.218030463215259,-2.201391656441717,-1873.3842996319013,2539.9116200000003,V0029,"Roach, Mullen and Russell",QLD,Net60,Loss-making
SKU000037,Government Water,Beverages,Water,1711.0,4.2202150000000005,4.663019036144578,-0.9657966564417171,-1652.4780791717778,7220.787865000001,V0032,"Bennett, Wright and Walter",WA,Net45,Loss-making
SKU000131,Suffer Treats,Pet,Treats,1283.0,5.916269285714286,4.98829758932415,0.7302576292725682,936.920538356705,7590.573493571429,V0004,"Rose, Kramer and Smith",QLD,Net45,Low $ margin
SKU000424,Goal Wet Food,Pet,Wet Food,1501.0,5.0032939999999995,5.435882623318386,-0.1827176564417181,-274.25920231901887,7509.944293999999,V0057,Munoz PLC,TAS,Net30,Loss-making
SKU000268,Policy Juice,Beverages,Juice,399.0,1.7378399999999998,8.882190301724139,-3.4481716564417177,-1375.8204909202454,693.39816,V0035,Williams-Scott,VIC,Net60,Loss-making
SKU000561,Bed Chips,Snacks,Chips,1216.0,3.5022575000000002,7.234256341719078,-1.6837541564417173,-2047.4450542331283,4258.7451200000005,V0049,Thomas Group,NSW,Net45,Loss-making
SKU000239,What Tea,Beverages,Tea,687.0,5.6998516666666665,9.887205407354001,0.513840010224949,353.0080870245399,3915.798095,V0045,Jennings-Finley,WA,Net45,Low % margin
SKU000118,Lay Spray,Cleaning,Spray,934.0,4.896006666666667,5.625498166023166,-0.29000498977505096,-270.8646604498976,4572.870226666667,V0009,"Crane, Richardson and Moore",TAS,Net45,Loss-making
SKU000349,Note Water,Beverages,Water,2014.0,5.902944999999999,4.381126234177215,0.7169333435582814,1443.9037539263788,11888.531229999999,V0053,Ryan-Nguyen,QLD,Net30,Low $ margin
SKU000154,Teacher Nuts,Snacks,Nuts,237.0,5.70016,2.273189007328448,0.5141483435582828,121.85315742331301,1350.93792,V0043,Parker-Ferguson,VIC,Net30,Low % margin
SKU000350,Town Nuts,Snacks,Nuts,1216.0,3.5508390000000007,7.202891194615815,-1.6351726564417168,-1988.3699502331276,4317.820224000001,V0075,Ross LLC,NSW,Net45,Loss-making
SKU000327,Education Nuts,Snacks,Nuts,208.0,5.185560000000001,7.012432375337757,-0.0004516564417169633,-0.09394453987712836,1078.5964800000002,V0016,"Zhang, Jones and Castro",TAS,Net30,Loss-making
SKU000575,Nature Dry Food,Pet,Dry Food,1023.0,3.502946,4.587142654364797,-1.6830656564417175,-1721.776166539877,3583.513758,V0044,Taylor-Le,TAS,Net30,Loss-making
SKU000467,Same Dry Food,Pet,Dry Food,631.0,4.9233175000000005,5.48774257161892,-0.2626941564417171,-165.7600127147235,3106.6133425000003,V0005,"Patterson, Thomas and Potter",VIC,Net60,Loss-making
SKU000224,Property Spray,Cleaning,Spray,687.0,5.10965,5.7778914824296015,-0.07636165644171733,-52.4604579754598,3510.3295500000004,V0007,"Townsend, Russell and Ramos",NSW,Net45,Loss-making
SKU000026,Yet Tea,Beverages,Tea,373.0,4.20185,5.083167562286273,-0.9841616564417173,-367.09229785276057,1567.29005,V0003,Morton-Hunt,SA,Net60,Loss-making
SKU000475,Real Wipes,Cleaning,Wipes,191.0,2.9065600000000003,6.18845261358085,-2.2794516564417173,-435.37526638036803,555.15296,V0052,Rios and Sons,VIC,Net30,Loss-making
SKU000281,Design Treats,Pet,Treats,423.0,6.154047500000001,7.607876687116565,0.9680358435582832,409.4791618251538,2603.1620925,V0063,"Pratt, Burns and Berry",SA,Net60,Low $ margin
SKU000596,Spend Treats,Pet,Treats,528.0,3.8876175,3.691722237380627,-1.2983941564417174,-685.5521146012268,2052.66204,V0014,Deleon and Sons,WA,Net30,Loss-making
SKU000279,Upon Juice,Beverages,Juice,672.0,4.35739,7.617690191545575,-0.8286216564417179,-556.8337531288345,2928.16608,V0010,Martinez Inc,SA,Net60,Loss-making
SKU000448,Spend Wipes,Cleaning,Wipes,90.0,3.4805149999999996,9.43952220200182,-1.705496656441718,-153.4946990797546,313.24634999999995,V0029,"Roach, Mullen and Russell",QLD,Net60,Loss-making
