SKU,SKUName,Category,Subcat,VendorID,VendorName,AvgUnitCost,AvgSellPrice,UnitsSold,UnitMargin,TotalMargin,Revenue
SKU000243,Director Tea,Beverages,Tea,V0079,"Blake, Barnett and Trevino",3.5770817023445463,5.635246,1472.0,0.44923434355828284,661.2729537177923,8295.082112
SKU000083,Take Wipes,Cleaning,Wipes,V0022,Pierce Ltd,6.19671103117506,8.78818,1661.0,3.602168343558283,5983.201618650308,14597.166980000002
SKU000126,Us Spray,Cleaning,Spray,V0058,"Schroeder, Gibbs and Smith",5.837000530503978,9.792223333333332,1439.0,4.606211676891615,6628.338603047034,14091.009376666665
SKU000522,Might Toothpaste,Personal Care,Toothpaste,V0044,Taylor-Le,6.9049144773358,7.778687142857143,1267.0,2.592675486415425,3284.919841288344,9855.59661
SKU000539,Probably Wet Food,Pet,Wet Food,V0056,Mckinney PLC,4.645458922742112,7.4784559999999995,1306.0,2.292444343558282,2993.9323126871163,9766.863535999999
SKU000004,Possible Treats,Pet,Treats,V0007,"Townsend, Russell and Ramos",6.856929065040651,7.577875,850.0,2.391863343558282,2033.0838420245398,6441.193749999999
SKU000477,Against Chips,Snacks,Chips,V0067,Kelly LLC,9.592968158347675,6.898067999999999,1142.0,1.7120563435582818,1955.168344343558,7877.593655999999
SKU000371,Star Juice,Beverages,Juice,V0024,"Rodriguez, Caldwell and Sims",3.5747519129782446,4.904642727272727,1964.0,-0.28136892916899026,-552.6085768878969,9632.718316363636
SKU000253,Force Wipes,Cleaning,Wipes,V0004,"Rose, Kramer and Smith",9.5379,6.94389375,2276.0,1.7578820935582824,4000.939644938651,15804.302175
SKU000165,Claim Shampoo,Personal Care,Shampoo,V0005,"Patterson, Thomas and Potter",3.6672305333333335,7.105034999999999,1416.0,1.9190233435582815,2717.3370544785266,10060.729559999998
SKU000496,Someone Coffee,Beverages,Coffee,V0025,Reed-Harper,7.166049056603773,7.789752307692309,3383.0,2.6037406512505914,8808.45462318075,26352.73205692308
SKU000502,My Tea,Beverages,Tea,V0033,Hoffman Group,7.4663460046547705,8.844215,1470.0,3.6582033435582826,5377.558915030675,13000.99605
SKU000289,Speak Tea,Beverages,Tea,V0018,"Ortiz, Diaz and Hayes",5.758263153384747,5.394416249999999,1596.0,0.20840459355828145,332.6137313190172,8609.488334999998
SKU000135,Wish Chips,Snacks,Chips,V0054,Barron-Howell,8.557096315789472,9.610685555555555,2532.0,4.424673899113838,11203.274312556237,24334.255826666667
SKU000216,Discuss Nuts,Snacks,Nuts,V0002,"Campbell, Bridges and Fritz",8.127412837432514,9.164280999999999,871.0,3.9782693435582814,3465.0725982392632,7982.088750999999
SKU000360,Five Shampoo,Personal Care,Shampoo,V0025,Reed-Harper,9.151123625377643,10.089838333333335,930.0,4.903826676891617,4560.5588095092035,9383.54965
SKU000553,Sort Shampoo,Personal Care,Shampoo,V0076,Perez-Melendez,6.300334351145039,8.51181375,1055.0,3.3258020935582824,3508.721208703988,8979.96350625
SKU000370,About Tea,Beverages,Tea,V0009,"Crane, Richardson and Moore",5.156261365822379,6.993516538461539,2019.0,1.8075048820198214,3649.3523567980196,14119.909891153848
SKU000416,Low Spray,Cleaning,Spray,V0016,"Zhang, Jones and Castro",4.083232506082725,5.080747999999999,2518.0,-0.10526365644171864,-265.0538869202475,12793.323463999997
SKU000221,He Wipes,Cleaning,Wipes,V0009,"Crane, Richardson and Moore",9.942528813559322,7.20562375,1118.0,2.0196120935582824,2257.9263205981597,8055.8873525
SKU000287,Listen Wet Food,Pet,Wet Food,V0077,"Miller, Castillo and Vasquez",7.485406855006233,5.80371,1218.0,0.6176983435582821,752.3565824539876,7068.91878
SKU000339,Environment Chips,Snacks,Chips,V0060,"Thompson, Dawson and King",6.200529373297002,6.765593749999999,1109.0,1.5795820935582814,1751.756541756134,7503.043468749999
SKU000008,Seek Wet Food,Pet,Wet Food,V0067,Kelly LLC,6.395075538656528,6.63556,1755.0,1.4495483435582823,2543.9573429447855,11645.407799999999
SKU000345,Might Wipes,Cleaning,Wipes,V0051,Hartman-Jones,7.211581618887016,6.231340833333333,1348.0,1.0453291768916158,1409.103730449898,8399.847443333334
SKU000536,Defense Bars,Snacks,Bars,V0023,"Walker, Lynch and Hawkins",7.5053111457521435,6.669354285714285,1176.0,1.4833426292725678,1744.4109320245398,7843.160639999999
SKU000010,According Wipes,Cleaning,Wipes,V0060,"Thompson, Dawson and King",4.806006938421509,10.61560357142857,1349.0,5.429591914986853,7324.519493317264,14320.449217857142
SKU000050,Through Tea,Beverages,Tea,V0058,"Schroeder, Gibbs and Smith",4.162302430307363,6.60035,2543.0,1.4143383435582821,3596.6624076687117,16784.69005
SKU000577,Record Juice,Beverages,Juice,V0063,"Pratt, Burns and Berry",4.271199038461539,6.26633,782.0,1.0803183435582824,844.8089446625768,4900.27006
SKU000406,Avoid Toothpaste,Personal Care,Toothpaste,V0023,"Walker, Lynch and Hawkins",5.699778031634446,9.67662,1611.0,4.490608343558282,7234.370041472393,15589.034819999999
SKU000562,State Tea,Beverages,Tea,V0078,"Jacobs, Lewis and Cole",9.270179651436646,8.900955,839.0,3.714943343558282,3116.8374652453986,7467.901245
SKU000259,Same Treats,Pet,Treats,V0023,"Walker, Lynch and Hawkins",5.8717808243101635,6.026790000000001,1127.0,0.8407783435582834,947.5571931901854,6792.192330000001
SKU000311,Agree Spray,Cleaning,Spray,V0077,"Miller, Castillo and Vasquez",7.825040666439987,6.648637777777776,1971.0,1.4626261213360587,2882.8360851533716,13104.465059999997
SKU000086,Turn Juice,Beverages,Juice,V0031,Ware Group,7.394194078947369,4.2321542857142855,1182.0,-0.953857370727432,-1127.4594121998248,5002.406365714285
SKU000433,Child Dry Food,Pet,Dry Food,V0054,Barron-Howell,6.27274988372093,9.385889444444446,2323.0,4.199877788002729,9756.31610153034,21803.42117944445
SKU000213,Bar Detergent,Cleaning,Detergent,V0072,Jones-Johnson,6.090987486910994,11.608204166666667,1531.0,6.422192510224949,9832.376733154397,17772.160579166666
SKU000271,However Bars,Snacks,Bars,V0079,"Blake, Barnett and Trevino",5.179780398899587,6.6761035714285715,1608.0,1.490091914986854,2396.0677992988612,10735.174542857143
SKU000059,Fall Water,Beverages,Water,V0039,"Mendoza, King and Haley",6.83627628075837,5.9364833333333324,653.0,0.7504716768916149,490.0580050102245,3876.523616666666
SKU000356,Great Spray,Cleaning,Spray,V0080,"Wilkins, Baker and Olson",8.945966159539473,6.3185505555555554,1629.0,1.1325388991138379,1844.905866656442,10292.918855
SKU000062,Close Wipes,Cleaning,Wipes,V0037,Jones-Morgan,6.059103099730459,11.343081666666668,563.0,6.157070010224951,3466.430415756647,6386.154978333334
SKU000379,Debate Treats,Pet,Treats,V0036,Johnson-Wright,5.903190709504686,6.003116666666667,1387.0,0.8171050102249495,1133.324649182005,8326.322816666667
SKU000385,Task Bars,Snacks,Bars,V0042,"Mejia, Washington and Orr",7.753943583384998,10.449422083333333,3477.0,5.263410426891616,18300.87805430215,36332.64058375
SKU000054,Movement Dry Food,Pet,Dry Food,V0074,Cummings-Bryant,8.47241219512195,8.844703636363635,2786.0,3.658691979921917,10193.11585606246,24641.344330909087
SKU000057,Piece Tea,Beverages,Tea,V0013,Harrison and Sons,5.547004103214889,9.662197142857142,1317.0,4.4761854864154245,5895.136285609114,12725.113637142857
SKU000413,Enough Nuts,Snacks,Nuts,V0049,Thomas Group,5.774273180970149,8.542553333333332,1078.0,3.3565416768916148,3618.3519276891607,9208.872493333332
SKU000162,Such Toothpaste,Personal Care,Toothpaste,V0034,Schroeder-Webb,5.258524880219028,3.514976,1043.0,-1.6710356564417177,-1742.8901896687116,3666.119968
SKU000517,Week Detergent,Cleaning,Detergent,V0008,Fernandez-Benson,4.679576771084337,7.050813,1061.0,1.8648013435582822,1978.5542255153375,7480.912593
SKU000226,Question Tea,Beverages,Tea,V0047,"Wright, Sosa and Fisher",10.35556026957638,9.839822,2376.0,4.653810343558282,11057.45337629448,23379.417072
SKU000481,Sea Wipes,Cleaning,Wipes,V0008,Fernandez-Benson,5.437044047135312,5.802978,1078.0,0.6169663435582828,665.089718355829,6255.610284
SKU000229,Security Bars,Snacks,Bars,V0058,"Schroeder, Gibbs and Smith",5.375553846153846,6.396795714285714,1589.0,1.2107840578439966,1923.9358679141105,10164.508389999999
SKU000351,Low Coffee,Beverages,Coffee,V0031,Ware Group,7.94316149870801,5.424878571428571,1087.0,0.2388669149868532,259.64833659070945,5896.843007142857
SKU000419,Without Water,Beverages,Water,V0010,Martinez Inc,7.751087143315165,8.151482857142856,1464.0,2.9654712007011383,4341.449837826466,11933.77090285714
SKU000579,Act Juice,Beverages,Juice,V0076,Perez-Melendez,6.8717709567751335,4.651538333333334,528.0,-0.5344733231083838,-282.20191460122663,2456.01224
SKU000409,Society Soap,Personal Care,Soap,V0067,Kelly LLC,7.543249251101321,7.9357240000000004,1276.0,2.749712343558283,3508.632950380369,10125.983824
SKU000067,Leave Detergent,Cleaning,Detergent,V0018,"Ortiz, Diaz and Hayes",6.2452905950752395,7.4623333333333335,1211.0,2.276321676891616,2756.625550715747,9036.885666666667
SKU000290,Us Spray,Cleaning,Spray,V0028,Vega Ltd,5.373387543252596,9.715146875,1650.0,4.529135218558283,7473.073110621166,16029.99234375
SKU000540,Coach Juice,Beverages,Juice,V0074,Cummings-Bryant,4.581021854043392,6.6480075,1292.0,1.4619958435582827,1888.8986298773013,8589.225690000001
SKU000329,Language Nuts,Snacks,Nuts,V0033,Hoffman Group,7.0568547196593325,6.652012999999999,2637.0,1.4660013435582817,3865.845542963189,17541.358280999997
SKU000559,Nothing Nuts,Snacks,Nuts,V0011,Martin-Chandler,8.044950363783347,11.87022,2080.0,6.684208343558282,13903.153354601227,24690.0576
SKU000242,Around Nuts,Snacks,Nuts,V0048,"Sullivan, Benjamin and Whitehead",7.104861227336122,11.764428749999999,533.0,6.578417093558281,3506.296310866564,6270.44052375
SKU000073,Contain Detergent,Cleaning,Detergent,V0027,Waters LLC,7.256355947712419,10.361506666666667,371.0,5.1754950102249495,1920.1086487934563,3844.1189733333335
SKU000469,Job Treats,Pet,Treats,V0051,Hartman-Jones,7.379030888404743,7.9437,1282.0,2.757688343558282,3535.356456441718,10183.8234
SKU000498,Provide Wipes,Cleaning,Wipes,V0077,"Miller, Castillo and Vasquez",6.805033861003861,7.932563,1236.0,2.7465513435582825,3394.737460638037,9804.647868
SKU000450,Mission Nuts,Snacks,Nuts,V0075,Ross LLC,3.912493899204244,7.407112857142857,1396.0,2.2211012007011393,3100.65727617879,10340.329548571428
SKU000503,Peace Nuts,Snacks,Nuts,V0028,Vega Ltd,7.877718219037871,10.071092857142856,1965.0,4.885081200701139,9599.184559377738,19789.697464285713
SKU000184,Customer Spray,Cleaning,Spray,V0031,Ware Group,3.5820472429210133,8.191796875,1438.0,3.005785218558282,4322.319144286809,11779.80390625
SKU000190,Always Chips,Snacks,Chips,V0023,"Walker, Lynch and Hawkins",5.763412104981252,8.438768333333334,945.0,3.2527566768916163,3073.8550596625773,7974.636075
SKU000182,Resource Bars,Snacks,Bars,V0015,"Novak, Shannon and Fischer",5.476955137254902,4.6062840000000005,1557.0,-0.5797276564417171,-902.6359610797535,7171.984188
SKU000097,School Treats,Pet,Treats,V0027,Waters LLC,4.851624118658641,6.5598529999999995,668.0,1.373841343558282,917.7260174969323,4381.981804
SKU000025,President Chips,Snacks,Chips,V0016,"Zhang, Jones and Castro",8.921994641909814,6.9493565384615374,3026.0,1.7633448820198199,5335.881612991975,21028.752885384612
SKU000384,On Shampoo,Personal Care,Shampoo,V0011,Martin-Chandler,4.508780208786428,5.311158571428572,1151.0,0.12514691498685426,144.04409914986925,6113.143515714286
SKU000063,Yeah Treats,Pet,Treats,V0006,Benson Group,7.892652680652682,5.903262727272727,1981.0,0.7172510708310096,1420.87437131623,11694.363462727273
SKU000537,Civil Coffee,Beverages,Coffee,V0006,Benson Group,10.073529427792916,7.601161875000001,1400.0,2.415150218558283,3381.2103059815963,10641.626625
SKU000174,Voice Soap,Personal Care,Soap,V0004,"Rose, Kramer and Smith",7.033784877529286,7.57856,1233.0,2.392548343558283,2950.012107607363,9344.36448
SKU000504,Dog Shampoo,Personal Care,Shampoo,V0013,Harrison and Sons,7.217161094108644,9.197720833333333,1611.0,4.011709176891616,6462.863483972393,14817.5282625
SKU000173,Act Nuts,Snacks,Nuts,V0077,"Miller, Castillo and Vasquez",4.005480616438356,5.830928846153847,2361.0,0.6449171897121291,1522.6494849103367,13766.823005769233
SKU000232,Mean Chips,Snacks,Chips,V0028,Vega Ltd,6.122844354512344,10.131318076923076,3482.0,4.945306420481359,17219.556956116092,35277.24954384615
SKU000412,Reality Juice,Beverages,Juice,V0048,"Sullivan, Benjamin and Whitehead",7.192634602969659,7.587232500000001,1169.0,2.401220843558283,2807.027166119633,8869.474792500001
SKU000456,Will Toothpaste,Personal Care,Toothpaste,V0044,Taylor-Le,6.4063252681764,7.670816666666665,1693.0,2.4848050102249477,4206.774882310837,12986.692616666664
SKU000001,Moment Chips,Snacks,Chips,V0058,"Schroeder, Gibbs and Smith",8.089701955555554,9.926714,1425.0,4.740702343558283,6755.500839570554,14145.56745
SKU000557,Scene Dry Food,Pet,Dry Food,V0008,Fernandez-Benson,4.256112431056428,4.058420909090909,2478.0,-1.1275907473508084,-2794.1698719353035,10056.767012727272
SKU000449,Sell Treats,Pet,Treats,V0054,Barron-Howell,5.033495595734817,8.270888333333334,1334.0,3.084876676891616,4115.225486973416,11033.365036666668
SKU000484,Month Dry Food,Pet,Dry Food,V0010,Martinez Inc,8.77289645539201,9.28209909090909,1896.0,4.096087434467373,7766.181775750139,17598.859876363636
SKU000425,Voice Soap,Personal Care,Soap,V0010,Martinez Inc,8.688124321447578,9.248704166666668,1114.0,4.0626925102249505,4525.839456390595,10303.056441666668
SKU000560,Affect Treats,Pet,Treats,V0028,Vega Ltd,1.7727,7.415977777777779,1753.0,2.2299661213360613,3909.1306107021155,13000.209044444446
SKU000146,There Dry Food,Pet,Dry Food,V0035,Williams-Scott,6.276587124912771,9.604492083333334,3013.0,4.418480426891616,13312.881526224439,28938.334647083335
SKU000396,Goal Coffee,Beverages,Coffee,V0040,"Pruitt, Mendoza and Benton",2.824,8.527327,1044.0,3.341315343558282,3488.3332186748466,8902.529387999999
SKU000515,Stage Wipes,Cleaning,Wipes,V0020,Johnson-Davis,4.637911852528945,6.729531,1481.0,1.5435193435582821,2285.952147809816,9966.435411
SKU000246,Raise Bars,Snacks,Bars,V0066,"Lopez, Jensen and Nguyen",7.87103040860215,6.2157962499999995,425.0,1.029784593558282,437.6584522622698,2641.71340625
SKU000206,Issue Wet Food,Pet,Wet Food,V0001,Butler Group,8.260115339521251,6.746785833333334,1156.0,1.5607741768916163,1804.2549484867086,7799.284423333334
SKU000056,Edge Nuts,Snacks,Nuts,V0042,"Mejia, Washington and Orr",6.154195226039783,8.4833585,1746.0,3.297346843558282,5757.167588852761,14811.943941
SKU000455,Government Wipes,Cleaning,Wipes,V0079,"Blake, Barnett and Trevino",6.4223523998238665,8.4995925,1704.0,3.3135808435582828,5646.3417574233135,14483.305620000001
SKU000117,Test Spray,Cleaning,Spray,V0074,Cummings-Bryant,6.454671572827417,7.106749166666667,1702.0,1.9207375102249493,3269.0952424028637,12095.687081666667
SKU000157,North Bars,Snacks,Bars,V0010,Martinez Inc,9.331558990211231,9.513745,1684.0,4.3277333435582825,7287.902950552148,16021.14658
SKU000441,Find Tea,Beverages,Tea,V0065,"Collins, Lyons and Fox",6.795497862720921,7.504484444444445,2631.0,2.318472788002728,6099.901905235177,19744.298573333337
SKU000198,Coach Spray,Cleaning,Spray,V0053,Ryan-Nguyen,3.323780962343096,3.9720709999999997,1046.0,-1.213940656441718,-1269.781926638037,4154.786266
SKU000201,Early Nuts,Snacks,Nuts,V0051,Hartman-Jones,6.659090583173995,6.908633636363636,2622.0,1.722621979921918,4516.714831355269,18114.437394545454
SKU000031,Box Chips,Snacks,Chips,V0035,Williams-Scott,5.269046153846153,7.855011428571429,986.0,2.6689997721297116,2631.6337753198954,7745.041268571429
SKU000354,Strategy Bars,Snacks,Bars,V0036,Johnson-Wright,8.8458,8.270348181818182,2317.0,3.0843365253764645,7146.407729297268,19162.396737272727
SKU000108,Hospital Spray,Cleaning,Spray,V0075,Ross LLC,7.8774,7.455718333333334,1067.0,2.2697066768916168,2421.7770242433553,7955.251461666668
SKU000390,Agreement Nuts,Snacks,Nuts,V0047,"Wright, Sosa and Fisher",3.964038124054463,10.54394,1820.0,5.357928343558282,9751.429585276073,19189.9708
SKU000203,Her Detergent,Cleaning,Detergent,V0051,Hartman-Jones,6.491009163987138,9.125241666666666,2224.0,3.9392300102249482,8760.847542740285,20294.537466666665
SKU000186,Expect Nuts,Snacks,Nuts,V0037,Jones-Morgan,4.7048980198019805,6.204348333333333,1673.0,1.0183366768916153,1703.6772604396724,10379.874761666666
SKU000251,When Tea,Beverages,Tea,V0015,"Novak, Shannon and Fischer",5.834901708542714,6.660267222222222,1379.0,1.4742555657805045,2032.9984252113159,9184.508499444444
SKU000297,Could Tea,Beverages,Tea,V0072,Jones-Johnson,2.605339336691855,6.541678636363636,2756.0,1.355666979921918,3736.2181966648063,18028.86632181818
SKU000081,Already Soap,Personal Care,Soap,V0069,Sims Group,7.150212303290416,7.419357692307693,2706.0,2.233346035865975,6043.434373053328,20076.781915384618
SKU000250,Pm Spray,Cleaning,Spray,V0006,Benson Group,7.429861880341879,7.117883999999999,1577.0,1.9318723435582816,3046.5626857914103,11224.903068
SKU000078,Bit Spray,Cleaning,Spray,V0020,Johnson-Davis,8.498462751677852,8.899395,1405.0,3.7133833435582826,5217.303597699387,12503.649975
SKU000500,Loss Coffee,Beverages,Coffee,V0049,Thomas Group,9.701575592055004,12.089474,1400.0,6.903462343558282,9664.847280981594,16925.2636
SKU000310,Someone Chips,Snacks,Chips,V0003,Morton-Hunt,6.173154798439533,7.0238185,2074.0,1.8378068435582824,3811.6113935398776,14567.399569
SKU000505,Leg Treats,Pet,Treats,V0007,"Townsend, Russell and Ramos",8.40472334437086,5.247225000000001,1637.0,0.06121334355828356,100.2062434049102,8589.707325000001
SKU000389,Around Shampoo,Personal Care,Shampoo,V0046,Baker LLC,8.315121119253831,8.12704875,2061.0,2.9410370935582826,6061.47744982362,16749.84747375
SKU000199,Alone Wipes,Cleaning,Wipes,V0076,Perez-Melendez,5.547462337662337,8.540445,434.0,3.3544333435582825,1455.8240711042945,3706.5531300000002
SKU000341,Law Detergent,Cleaning,Detergent,V0044,Taylor-Le,5.697759630419332,10.392211499999998,2233.0,5.206199843558281,11625.444250665641,23205.808279499997
SKU000222,Policy Wipes,Cleaning,Wipes,V0031,Ware Group,5.353050996015935,10.47937857142857,1520.0,5.293366914986853,8045.917710780017,15928.655428571428
SKU000423,Thus Dry Food,Pet,Dry Food,V0077,"Miller, Castillo and Vasquez",9.388281835323696,10.219473,910.0,5.033461343558283,4580.449822638037,9299.720430000001
SKU000300,Remain Bars,Snacks,Bars,V0053,Ryan-Nguyen,7.397317937092661,5.8868219999999996,1820.0,0.700810343558282,1275.4748252760733,10714.016039999999
SKU000155,New Wet Food,Pet,Wet Food,V0022,Pierce Ltd,7.848921128048781,10.705112000000002,986.0,5.519100343558284,5441.832938748468,10555.240432000002
SKU000247,Weight Wipes,Cleaning,Wipes,V0004,"Rose, Kramer and Smith",7.3647947410571275,10.416231999999999,1139.0,5.2302203435582815,5957.220971312882,11864.088247999998
SKU000082,Have Wipes,Cleaning,Wipes,V0042,"Mejia, Washington and Orr",7.270828057553957,8.697872,1168.0,3.5118603435582827,4101.852881276074,10159.114496
SKU000510,Question Shampoo,Personal Care,Shampoo,V0017,"Wilcox, Harris and Leblanc",3.4367865350089764,7.263713076923078,2808.0,2.07770142048136,5834.18558871166,20396.506320000004
SKU000597,Sure Detergent,Cleaning,Detergent,V0028,Vega Ltd,4.111259818731118,7.087050714285714,1674.0,1.9010390578439962,3182.3393828308494,11863.722895714285
SKU000380,Mention Bars,Snacks,Bars,V0059,Lin-Sanders,6.263937395099026,9.437811499999999,2671.0,4.251799843558281,11356.557382144169,25208.394516499997
SKU000074,Region Water,Beverages,Water,V0071,Ruiz-Palmer,7.4684024871355055,7.419643333333334,1772.0,2.2336316768916165,3957.9953314519444,13147.607986666668
SKU000280,Itself Nuts,Snacks,Nuts,V0055,White Group,5.8143709021601016,6.878653333333333,1662.0,1.6926416768916157,2813.1704669938654,11432.32184
SKU000549,Business Wipes,Cleaning,Wipes,V0065,"Collins, Lyons and Fox",6.222218355065196,8.137885,1428.0,2.951873343558283,4215.275134601228,11620.899780000002
SKU000414,Similar Toothpaste,Personal Care,Toothpaste,V0071,Ruiz-Palmer,4.731336103896104,1.2856750000000001,293.0,-3.9003366564417172,-1142.7986403374232,376.70277500000003
SKU000315,Site Spray,Cleaning,Spray,V0024,"Rodriguez, Caldwell and Sims",3.8063393900889455,5.8020625,2479.0,0.6160508435582823,1527.1900411809818,14383.312937499999
SKU000233,Color Soap,Personal Care,Soap,V0001,Butler Group,7.581948470744679,8.830878125000002,1845.0,3.644866468558284,6724.778634490034,16292.970140625002
SKU000519,So Juice,Beverages,Juice,V0004,"Rose, Kramer and Smith",5.773901338825953,10.271476,2002.0,5.085464343558282,10181.099615803681,20563.494952
SKU000089,After Chips,Snacks,Chips,V0024,"Rodriguez, Caldwell and Sims",6.578808650116368,8.770201666666667,1487.0,3.5841900102249493,5329.690545204499,13041.289878333333
SKU000521,Hair Juice,Beverages,Juice,V0072,Jones-Johnson,4.033813679068019,6.0918079999999994,1154.0,0.9057963435582819,1045.2889804662573,7029.946432
SKU000177,Relate Dry Food,Pet,Dry Food,V0025,Reed-Harper,6.2437513116802,7.973497999999999,1418.0,2.7874863435582817,3952.6556351656436,11306.420164
SKU000541,Throw Wipes,Cleaning,Wipes,V0060,"Thompson, Dawson and King",3.2331776418242493,5.645069999999999,1201.0,0.4590583435582811,551.3290706134957,6779.7290699999985
SKU000002,Imagine Detergent,Cleaning,Detergent,V0062,Parker LLC,5.846725534477566,7.2394992857142855,1851.0,2.053487629272568,3801.005601783523,13400.313177857142
SKU000488,Lay Toothpaste,Personal Care,Toothpaste,V0012,Washington-Lopez,5.892339797713281,5.716176999999999,2065.0,0.5301653435582816,1094.7914344478515,11803.905504999999
SKU000375,Fine Juice,Beverages,Juice,V0053,Ryan-Nguyen,5.450605392156863,10.098774285714287,1482.0,4.912762629272569,7280.714216581947,14966.383491428573
SKU000554,Candidate Bars,Snacks,Bars,V0006,Benson Group,5.1141262100456615,7.982794285714286,1800.0,2.7967826292725686,5034.208732690623,14369.029714285714
SKU000581,Five Spray,Cleaning,Spray,V0011,Martin-Chandler,6.915203966286565,7.1389000000000005,1230.0,1.952888343558283,2402.052662576688,8780.847
SKU000437,Evidence Wet Food,Pet,Wet Food,V0043,Parker-Ferguson,7.924980487804878,7.987014375000001,1581.0,2.8010027185582835,4428.385298040646,12627.469726875002
SKU000205,Enough Soap,Personal Care,Soap,V0041,Pope-Keith,6.079075813953488,9.326626875,1068.0,4.140615218558283,4422.177053420246,9960.8375025
SKU000113,Central Chips,Snacks,Chips,V0010,Martinez Inc,7.152789565217392,8.415277,1271.0,3.229265343558282,4104.396251662576,10695.817067
SKU000076,Pretty Wipes,Cleaning,Wipes,V0025,Reed-Harper,7.536987920621226,10.48705,790.0,5.301038343558282,4187.820291411043,8284.7695
SKU000042,Current Wet Food,Pet,Wet Food,V0060,"Thompson, Dawson and King",7.226747912589695,6.91945625,604.0,1.733444593558282,1047.0005345092025,4179.351575
SKU000006,Thank Nuts,Snacks,Nuts,V0056,Mckinney PLC,6.6076014590020415,7.414840714285715,1695.0,2.2288290578439973,3777.8652530455756,12568.155010714287
SKU000188,Artist Toothpaste,Personal Care,Toothpaste,V0058,"Schroeder, Gibbs and Smith",3.8137372536136662,9.74365,1673.0,4.557638343558283,7624.9289487730075,16301.126450000002
SKU000476,Much Detergent,Cleaning,Detergent,V0034,Schroeder-Webb,5.0638,9.700605,1318.0,4.514593343558282,5950.234026809816,12785.39739
SKU000055,Decision Tea,Beverages,Tea,V0053,Ryan-Nguyen,2.6962388819875778,6.076193,1893.0,0.8901813435582824,1685.1132833558286,11502.233349
SKU000372,Red Toothpaste,Personal Care,Toothpaste,V0072,Jones-Johnson,8.237391522988506,5.820286,1221.0,0.6342743435582827,774.4489734846632,7106.569206
SKU000183,Them Wet Food,Pet,Wet Food,V0072,Jones-Johnson,7.00319854693403,6.911104166666667,2010.0,1.7250925102249495,3467.4359455521485,13891.319375000001
SKU000085,Worry Treats,Pet,Treats,V0080,"Wilkins, Baker and Olson",6.831466484184914,5.97904090909091,2362.0,0.793029252649192,1873.1350947573915,14122.494627272728
SKU000223,No Spray,Cleaning,Spray,V0068,"Kaiser, Rodriguez and Jones",6.092913000890473,4.193073888888889,1437.0,-0.9929377675528288,-1426.851571973415,6025.447178333333
SKU000106,Customer Wipes,Cleaning,Wipes,V0078,"Jacobs, Lewis and Cole",9.991830011909487,10.848604,1872.0,5.662592343558282,10600.372867141105,20308.586688
SKU000599,Meet Soap,Personal Care,Soap,V0071,Ruiz-Palmer,6.294649474959613,9.453953333333333,716.0,4.267941676891615,3055.8462406543963,6769.030586666666
SKU000309,Partner Toothpaste,Personal Care,Toothpaste,V0004,"Rose, Kramer and Smith",5.186011656441718,5.926575,1715.0,0.7405633435582821,1270.066134202454,10164.076125
SKU000127,Old Tea,Beverages,Tea,V0011,Martin-Chandler,9.30035688246386,7.428938333333332,494.0,2.2429266768916145,1108.0057783844575,3669.895536666666
SKU000034,Lead Dry Food,Pet,Dry Food,V0007,"Townsend, Russell and Ramos",6.673503102556737,8.309460416666665,1823.0,3.1234487602249477,5694.047089890079,15148.14633958333
SKU000087,Sea Soap,Personal Care,Soap,V0075,Ross LLC,7.318945665961945,6.081633,625.0,0.8956213435582825,559.7633397239266,3801.020625
SKU000489,Provide Spray,Cleaning,Spray,V0052,Rios and Sons,7.552666023799754,10.384913333333333,550.0,5.198901676891616,2859.3959222903886,5711.702333333334
SKU000123,Cup Soap,Personal Care,Soap,V0076,Perez-Melendez,5.738055191960834,8.464825000000001,2306.0,3.2788133435582836,7560.943570245402,19519.88645
SKU000303,High Tea,Beverages,Tea,V0019,Stewart-Washington,7.070600058513751,9.991360454545456,2770.0,4.805348798103738,13310.816170747355,27676.06845909091
SKU000227,Contain Toothpaste,Personal Care,Toothpaste,V0019,Stewart-Washington,5.9347264185202,5.376027142857143,1307.0,0.1900154864154251,248.3502407449606,7026.467475714286
SKU000099,Education Water,Beverages,Water,V0074,Cummings-Bryant,8.858225027624309,6.2179150000000005,712.0,1.031903343558283,734.7151806134974,4427.15548
SKU000256,Year Nuts,Snacks,Nuts,V0056,Mckinney PLC,4.631625017921147,6.048684166666667,1295.0,0.8626725102249493,1117.1609007413094,7833.045995833334
SKU000321,Hospital Detergent,Cleaning,Detergent,V0030,Ali PLC,6.5861003339694655,5.123492222222222,1635.0,-0.0625194342194959,-102.2192749488758,8376.909783333333
SKU000277,Not Chips,Snacks,Chips,V0024,"Rodriguez, Caldwell and Sims",7.669216770186335,6.212199285714284,1108.0,1.0261876292725667,1137.015893234004,6883.116808571427
SKU000114,Own Tea,Beverages,Tea,V0073,"Hamilton, Wright and Padilla",5.955728499749122,4.269312500000001,618.0,-0.9166991564417168,-566.520078680981,2638.4351250000004
SKU000592,Moment Toothpaste,Personal Care,Toothpaste,V0023,"Walker, Lynch and Hawkins",2.503807721280603,6.54198875,1807.0,1.3559770935582822,2450.250608059816,11821.37367125
SKU000550,Production Spray,Cleaning,Spray,V0065,"Collins, Lyons and Fox",9.444518015665796,10.251241000000002,1728.0,5.0652293435582845,8752.716305668715,17714.144448000003
SKU000132,Than Detergent,Cleaning,Detergent,V0019,Stewart-Washington,5.703322309970385,9.165845714285714,1690.0,3.9798340578439966,6725.919557756354,15490.279257142856
SKU000023,Nearly Juice,Beverages,Juice,V0045,Jennings-Finley,8.324979372623574,5.804309090909092,2497.0,0.6182974344673742,1543.8886938650332,14493.359800000002
SKU000170,Fire Treats,Pet,Treats,V0028,Vega Ltd,7.589282190412782,9.426742,838.0,4.240730343558283,3553.7320279018413,7899.609796000001
SKU000516,Peace Wipes,Cleaning,Wipes,V0061,"Jacobs, Reese and Sanchez",4.689107012035583,7.308377142857141,1660.0,2.1223654864154238,3523.1267074496036,12131.906057142854
SKU000015,Type Bars,Snacks,Bars,V0021,"Baldwin, Haas and Smith",6.769845765230312,8.040081666666667,2160.0,2.85407001022495,6164.791222085892,17366.5764
SKU000178,Author Spray,Cleaning,Spray,V0031,Ware Group,9.34147966396292,7.45855375,837.0,2.2725420935582825,1902.1177323082825,6242.80948875
SKU000237,Surface Spray,Cleaning,Spray,V0060,"Thompson, Dawson and King",5.877116789667896,6.090797222222221,1785.0,0.9047855657805037,1615.0422349181993,10872.073041666665
SKU000307,Which Coffee,Beverages,Coffee,V0064,"Burke, Romero and Navarro",8.906365673575127,11.265270000000001,546.0,6.079258343558283,3319.275055582823,6150.837420000001
SKU000269,Ago Chips,Snacks,Chips,V0013,Harrison and Sons,3.8715989175686927,10.525301875,905.0,5.339290218558283,4832.057647795245,9525.398196875
SKU000312,Reduce Toothpaste,Personal Care,Toothpaste,V0006,Benson Group,5.566763577185369,8.42843875,1408.0,3.242427093558282,4565.337347730061,11867.241759999999
SKU000017,Sense Wet Food,Pet,Wet Food,V0032,"Bennett, Wright and Walter",5.825725269262635,6.199750833333334,596.0,1.0137391768916162,604.1885494274032,3695.051496666667
SKU000053,Responsibility Treats,Pet,Treats,V0049,Thomas Group,8.234761545988258,8.260488333333333,1257.0,3.0744766768916154,3864.6171828527604,10383.433835
SKU000273,Smile Water,Beverages,Water,V0038,Lucero Ltd,7.101993962008141,7.994261666666667,1527.0,2.808250010224949,4288.197765613497,12207.237565
SKU000518,Past Wet Food,Pet,Wet Food,V0036,Johnson-Wright,6.527854716981133,7.2685900000000006,2075.0,2.082578343558283,4321.350062883437,15082.324250000001
SKU000158,Pressure Wet Food,Pet,Wet Food,V0024,"Rodriguez, Caldwell and Sims",4.92989786259542,7.81518875,2167.0,2.6291770935582823,5697.426761740798,16935.51402125
SKU000397,Main Detergent,Cleaning,Detergent,V0067,Kelly LLC,7.1075582765907495,7.7337114285714295,1719.0,2.547699772129712,4379.4959082909745,13294.249945714288
SKU000600,Court Dry Food,Pet,Dry Food,V0067,Kelly LLC,5.668488373458604,5.137041428571428,2913.0,-0.048970227870289484,-142.65027378615326,14964.20168142857
SKU000474,Play Nuts,Snacks,Nuts,V0080,"Wilkins, Baker and Olson",8.363342399094682,7.157303000000001,680.0,1.971291343558283,1340.4781136196325,4866.96604
SKU000582,Friend Chips,Snacks,Chips,V0016,"Zhang, Jones and Castro",4.282099242997728,7.1415838888888885,1887.0,1.955572232447171,3690.1648026278117,13476.168798333332
SKU000359,Suggest Dry Food,Pet,Dry Food,V0044,Taylor-Le,7.215024424424424,6.696637083333335,2246.0,1.5106254268916173,3392.8647087985723,15040.64688916667
SKU000291,Him Toothpaste,Personal Care,Toothpaste,V0043,Parker-Ferguson,7.3195239006377975,7.7182,1902.0,2.532188343558283,4816.222229447854,14680.0164
SKU000283,Myself Shampoo,Personal Care,Shampoo,V0057,Munoz PLC,6.3807263670411976,8.033681875000001,1995.0,2.8476702185582834,5681.102086023775,16027.195340625001
SKU000564,Discuss Tea,Beverages,Tea,V0039,"Mendoza, King and Haley",2.712077623762376,4.9437066666666665,875.0,-0.2423049897750511,-212.0168660531697,4325.743333333333
SKU000452,Almost Shampoo,Personal Care,Shampoo,V0002,"Campbell, Bridges and Fritz",5.517496262956901,8.272183333333334,2060.0,3.0861716768916168,6357.51365439673,17040.697666666667
SKU000143,Be Toothpaste,Personal Care,Toothpaste,V0080,"Wilkins, Baker and Olson",7.785594435132417,8.963722727272726,1734.0,3.7777110708310087,6550.550996820969,15543.095209090907
SKU000387,Meeting Toothpaste,Personal Care,Toothpaste,V0076,Perez-Melendez,9.093461458333334,8.3708015,1964.0,3.184789843558283,6254.927252748468,16440.254146000003
SKU000468,Thank Toothpaste,Personal Care,Toothpaste,V0038,Lucero Ltd,5.077612066728452,7.699232142857142,1712.0,2.513220486415425,4302.633472743208,13181.085428571429
SKU000545,Brother Soap,Personal Care,Soap,V0041,Pope-Keith,7.218127451737451,9.640609444444443,1169.0,4.454597788002726,5207.424814175187,11269.872440555555
SKU000101,Year Soap,Personal Care,Soap,V0062,Parker LLC,5.531622045914922,4.78351,1003.0,-0.40250165644171787,-403.709161411043,4797.86053
SKU000220,Should Soap,Personal Care,Soap,V0005,"Patterson, Thomas and Potter",5.055751249547265,7.688064999999999,1838.0,2.5020533435582815,4598.774045460122,14130.663469999998
SKU000094,Information Bars,Snacks,Bars,V0027,Waters LLC,6.710449941588784,9.954585,1476.0,4.768573343558282,7038.414255092024,14692.96746
SKU000362,Chair Shampoo,Personal Care,Shampoo,V0072,Jones-Johnson,5.192764080024249,5.114556428571428,1290.0,-0.07145522787029002,-92.17724395267412,6597.777792857141
SKU000111,Hope Spray,Cleaning,Spray,V0046,Baker LLC,7.642707823800132,5.759983571428572,1670.0,0.5739719149868545,958.533098028047,9619.172564285715
SKU000338,Difference Treats,Pet,Treats,V0009,"Crane, Richardson and Moore",9.168952413793102,8.610463999999999,562.0,3.424452343558281,1924.542217079754,4839.080767999999
SKU000244,Responsibility Detergent,Cleaning,Detergent,V0016,"Zhang, Jones and Castro",4.915732470023982,7.316297499999999,1949.0,2.1302858435582817,4151.927109095091,14259.463827499998
SKU000563,Eight Spray,Cleaning,Spray,V0049,Thomas Group,3.1939171162790694,8.935040909090908,1840.0,3.7490292526491906,6898.2138248745105,16440.47527272727
SKU000214,Garden Tea,Beverages,Tea,V0005,"Patterson, Thomas and Potter",4.044685572842999,4.379959166666667,750.0,-0.806052489775051,-604.5393673312882,3284.969375
SKU000107,Look Wipes,Cleaning,Wipes,V0070,"Howell, Smith and Newman",8.648864336598399,7.7791491666666674,1111.0,2.59313751022495,2880.975773859919,8642.634724166668
SKU000528,General Detergent,Cleaning,Detergent,V0025,Reed-Harper,4.79878587196468,7.4559204999999995,2521.0,2.269908843558282,5722.440194610429,18796.3755805
SKU000272,Radio Coffee,Beverages,Coffee,V0026,Sanchez-Jackson,9.579320860215054,13.2120925,1113.0,8.026080843558283,8933.02797888037,14705.058952500001
SKU000014,Forget Coffee,Beverages,Coffee,V0002,"Campbell, Bridges and Fritz",4.8609601351351355,4.818496666666667,1168.0,-0.36751498977505026,-429.2575080572587,5628.004106666667
SKU000060,Sense Spray,Cleaning,Spray,V0036,Johnson-Wright,6.420970340681364,8.927507,2203.0,3.7414953435582827,8242.514241858897,19667.297921
SKU000323,My Detergent,Cleaning,Detergent,V0010,Martinez Inc,7.647631273062729,5.880674166666666,1369.0,0.6946625102249486,950.9929764979547,8050.642934166666
SKU000463,Chance Chips,Snacks,Chips,V0029,"Roach, Mullen and Russell",6.15363559454191,10.791740833333334,1569.0,5.605729176891616,8795.389078542947,16932.2413675
SKU000306,Agreement Spray,Cleaning,Spray,V0039,"Mendoza, King and Haley",3.9607714285714284,5.8404357142857135,1805.0,0.6544240578439959,1181.2354244084127,10541.986464285714
SKU000194,Responsibility Treats,Pet,Treats,V0017,"Wilcox, Harris and Leblanc",6.199754042056075,7.0297455,2263.0,1.8437338435582822,4172.369687972393,15908.3140665
SKU000543,Do Tea,Beverages,Tea,V0076,Perez-Melendez,7.677580628272252,10.788805,1601.0,5.602793343558282,8970.07214303681,17272.876805
SKU000436,Worry Spray,Cleaning,Spray,V0025,Reed-Harper,5.5055995155709345,6.98968,1737.0,1.8036683435582823,3132.9719127607364,12141.07416
SKU000558,Detail Toothpaste,Personal Care,Toothpaste,V0071,Ruiz-Palmer,8.352051262349068,5.806012857142856,1759.0,0.6200012007011386,1090.5821120333028,10212.776615714283
SKU000043,Every Juice,Beverages,Juice,V0028,Vega Ltd,3.8397087272727273,6.804949090909091,2539.0,1.618937434467373,4110.48214611266,17277.76574181818
SKU000071,Fast Nuts,Snacks,Nuts,V0072,Jones-Johnson,4.331641288913163,6.057871666666667,2026.0,0.8718600102249496,1766.3883807157479,12273.247996666667
SKU000011,Color Bars,Snacks,Bars,V0056,Mckinney PLC,7.472197682767622,7.751456666666668,2105.0,2.56544501022495,5400.26174652352,16316.816283333335
SKU000426,Time Wet Food,Pet,Wet Food,V0003,Morton-Hunt,5.938641058394161,5.134049999999999,1044.0,-0.05196165644171824,-54.247969325153846,5359.948199999999
SKU000318,Within Chips,Snacks,Chips,V0022,Pierce Ltd,6.539222182680901,6.790917142857144,1771.0,1.6049054864154266,2842.2876164417207,12026.714260000002
SKU000566,Out Wipes,Cleaning,Wipes,V0013,Harrison and Sons,6.0013113919894945,7.8016837500000005,1878.0,2.615672093558283,4912.232191702456,14651.5620825
SKU000274,Color Bars,Snacks,Bars,V0057,Munoz PLC,4.879019647129186,6.421059999999999,1095.0,1.2350483435582813,1352.377936196318,7031.060699999999
SKU000115,Strong Soap,Personal Care,Soap,V0047,"Wright, Sosa and Fisher",8.326127477669077,8.0364325,1452.0,2.8504208435582825,4138.811064846626,11668.89999
SKU000169,Field Juice,Beverages,Juice,V0055,White Group,7.595383207676491,7.80968,2259.0,2.6236683435582826,5926.86678809816,17642.06712
SKU000348,Amount Juice,Beverages,Juice,V0080,"Wilkins, Baker and Olson",7.548642592019796,9.378921250000001,1958.0,4.192909593558284,8209.71698418712,18363.927807500004
SKU000533,Anything Chips,Snacks,Chips,V0069,Sims Group,4.677839257101239,9.042114999999999,1539.0,3.8561033435582814,5934.543045736195,13915.814984999999
SKU000130,Paper Chips,Snacks,Chips,V0044,Taylor-Le,4.320234885126965,4.692888000000001,1124.0,-0.49312365644171674,-554.2709898404896,5274.806112000001
SKU000240,Far Wet Food,Pet,Wet Food,V0058,"Schroeder, Gibbs and Smith",5.835792268752876,9.004105,1267.0,3.8180933435582816,4837.524266288343,11408.201034999998
SKU000121,Appear Tea,Beverages,Tea,V0021,"Baldwin, Haas and Smith",8.367869603524229,10.374174166666668,1207.0,5.1881625102249505,6262.112149841515,12521.628219166669
SKU000065,Manage Juice,Beverages,Juice,V0021,"Baldwin, Haas and Smith",7.763300000000001,8.81364375,762.0,3.627632093558283,2764.2556552914116,6715.9965375
SKU000431,Property Soap,Personal Care,Soap,V0032,"Bennett, Wright and Walter",8.039834338662791,6.162712499999999,1565.0,0.9767008435582811,1528.53682016871,9644.645062499998
SKU000427,Bank Toothpaste,Personal Care,Toothpaste,V0047,"Wright, Sosa and Fisher",6.012093418346359,10.159330714285714,994.0,4.973319057843996,4943.479143496932,10098.37473
SKU000460,Act Wet Food,Pet,Wet Food,V0036,Johnson-Wright,4.4142562617702445,3.4562949999999995,1386.0,-1.7297166564417181,-2397.387285828221,4790.424869999999
SKU000105,For Detergent,Cleaning,Detergent,V0022,Pierce Ltd,4.9426011134127394,5.137549,1402.0,-0.048462656441717655,-67.94464433128815,7202.843698
SKU000152,As Detergent,Cleaning,Detergent,V0026,Sanchez-Jackson,6.633785817717206,8.228353333333333,846.0,3.042341676891615,2573.8210586503064,6961.186919999999
SKU000434,Society Juice,Beverages,Juice,V0075,Ross LLC,6.411477847160273,7.269535,2080.0,2.0835233435582827,4333.728554601228,15120.632800000001
SKU000192,Miss Juice,Beverages,Juice,V0075,Ross LLC,4.9507500372300814,7.6629845,2109.0,2.4769728435582827,5223.935727064419,16161.2343105
SKU000248,Power Treats,Pet,Treats,V0061,"Jacobs, Reese and Sanchez",7.520353316106806,5.99422,1015.0,0.8082083435582827,820.331468711657,6084.1333
SKU000552,Can Tea,Beverages,Tea,V0072,Jones-Johnson,2.8288716549295776,10.613755,999.0,5.427743343558282,5422.315600214723,10603.141244999999
SKU000195,Strategy Toothpaste,Personal Care,Toothpaste,V0038,Lucero Ltd,5.073167174829711,7.762428571428572,1434.0,2.5764169149868543,3694.581856091149,11131.322571428573
SKU000594,Vote Bars,Snacks,Bars,V0027,Waters LLC,3.8662527632951,4.818926875000001,1851.0,-0.36708478144171686,-679.4739304486179,8919.833645625002
SKU000013,Defense Bars,Snacks,Bars,V0022,Pierce Ltd,5.945922350763535,11.36044375,909.0,6.174432093558282,5612.558773044479,10326.64336875
SKU000058,Rise Detergent,Cleaning,Detergent,V0044,Taylor-Le,7.701307597955707,6.754366111111111,1549.0,1.568354454669393,2429.3810502828896,10462.51310611111
SKU000578,Tax Nuts,Snacks,Nuts,V0019,Stewart-Washington,7.590674807395993,10.695188750000002,1508.0,5.509177093558284,8307.839057085892,16128.344635000003
SKU000325,Can Dry Food,Pet,Dry Food,V0060,"Thompson, Dawson and King",7.214548419797256,8.000794166666667,899.0,2.8147825102249495,2530.48947669223,7192.713955833334
SKU000497,Life Wipes,Cleaning,Wipes,V0059,Lin-Sanders,2.7122608621667608,3.9540775,538.0,-1.2319341564417177,-662.7805761656441,2127.293695
SKU000140,Reason Soap,Personal Care,Soap,V0057,Munoz PLC,9.065579254327565,8.00581625,1473.0,2.819804593558283,4153.572166311351,11792.56733625
SKU000405,Room Wet Food,Pet,Wet Food,V0014,Deleon and Sons,8.263517252931324,10.221528333333334,922.0,5.035516676891616,4642.74637609407,9424.249123333333
SKU000166,Expect Detergent,Cleaning,Detergent,V0063,"Pratt, Burns and Berry",7.720311984021304,9.727967499999998,507.0,4.541955843558281,2302.7716126840483,4932.079522499999
SKU000179,Cultural Chips,Snacks,Chips,V0080,"Wilkins, Baker and Olson",8.127493952483801,8.080573,1458.0,2.8945613435582818,4220.2704389079745,11781.475433999998
SKU000029,Situation Wipes,Cleaning,Wipes,V0060,"Thompson, Dawson and King",2.8739208274894814,6.848569999999999,1726.0,1.6625583435582811,2869.5757009815934,11820.631819999997
SKU000483,Method Bars,Snacks,Bars,V0034,Schroeder-Webb,9.911907512953368,10.41209357142857,1432.0,5.226081914986853,7483.749302261173,14910.117994285712
SKU000383,Similar Shampoo,Personal Care,Shampoo,V0031,Ware Group,6.764208352668214,8.858123333333333,1505.0,3.6721116768916158,5526.528073721882,13331.475616666667
SKU000331,Put Bars,Snacks,Bars,V0027,Waters LLC,6.374086863905324,7.849307499999999,2535.0,2.6632958435582816,6751.454963420244,19897.994512499998
SKU000028,Situation Wet Food,Pet,Wet Food,V0065,"Collins, Lyons and Fox",8.5264934375,10.713284999999999,1511.0,5.5272733435582815,8351.710022116564,16187.773634999998
SKU000373,Trial Bars,Snacks,Bars,V0056,Mckinney PLC,5.565015099457504,7.2642807142857135,2138.0,2.078269057843996,4443.339245670463,15531.032167142856
SKU000153,Modern Water,Beverages,Water,V0060,"Thompson, Dawson and King",5.9171359596444875,6.906929999999999,1049.0,1.7209183435582815,1805.2433423926373,7245.369569999999
SKU000479,Early Spray,Cleaning,Spray,V0054,Barron-Howell,6.182820949814751,7.34752888888889,1372.0,2.1615172324471725,2965.6016429175206,10080.809635555557
SKU000210,Should Bars,Snacks,Bars,V0039,"Mendoza, King and Haley",7.463043772527032,10.3785575,1014.0,5.192545843558282,5265.2414853680975,10523.857305
SKU000003,Follow Soap,Personal Care,Soap,V0072,Jones-Johnson,6.957678743211791,10.262659090909093,1871.0,5.076647434467375,9498.407349888459,19201.435159090914
SKU000471,Candidate Water,Beverages,Water,V0021,"Baldwin, Haas and Smith",4.526792676767677,7.858300833333334,1537.0,2.672289176891616,4107.308464882414,12078.208380833334
SKU000098,Listen Nuts,Snacks,Nuts,V0005,"Patterson, Thomas and Potter",4.39346646884273,4.7350264285714285,1604.0,-0.45098522787028905,-723.3803055039436,7594.982391428572
SKU000465,Article Toothpaste,Personal Care,Toothpaste,V0062,Parker LLC,4.3161202191780825,4.567219444444444,1803.0,-0.618792211997274,-1115.682358231085,8234.696658333332
SKU000193,Face Juice,Beverages,Juice,V0014,Deleon and Sons,5.852630808080809,6.903759999999999,1259.0,1.7177483435582817,2162.6451645398765,8691.83384
SKU000161,Respond Dry Food,Pet,Dry Food,V0058,"Schroeder, Gibbs and Smith",4.041124755700325,5.57348,1417.0,0.3874683435582824,549.0426428220862,7897.62116
SKU000035,Describe Treats,Pet,Treats,V0079,"Blake, Barnett and Trevino",7.17479592555332,9.11336,1184.0,3.9273483435582826,4649.980438773006,10790.21824
SKU000068,Magazine Nuts,Snacks,Nuts,V0055,White Group,7.133724812030075,8.41620375,798.0,3.2301920935582817,2577.693290659509,6716.1305925
SKU000393,The Spray,Cleaning,Spray,V0002,"Campbell, Bridges and Fritz",10.337809134615384,10.741553125,1496.0,5.555541468558282,8311.090036963189,16069.363474999998
SKU000583,Sure Shampoo,Personal Care,Shampoo,V0063,"Pratt, Burns and Berry",4.517920610169492,6.3161575,831.0,1.1301458435582825,939.1511959969328,5248.7268825
SKU000136,Manage Coffee,Beverages,Coffee,V0061,"Jacobs, Reese and Sanchez",7.899138823529412,5.615413125,2384.0,0.4294014685582823,1023.693101042945,13387.14489
SKU000417,Structure Tea,Beverages,Tea,V0027,Waters LLC,6.180324580335731,6.157746875000001,1144.0,0.9717352185582833,1111.665090030676,7044.462425000001
SKU000546,Compare Juice,Beverages,Juice,V0048,"Sullivan, Benjamin and Whitehead",4.190686882591092,7.4613925,2706.0,2.275380843558282,6157.180562668711,20190.528104999998
SKU000160,Market Chips,Snacks,Chips,V0059,Lin-Sanders,4.828333545816733,3.922081,1874.0,-1.2639306564417176,-2368.606050171779,7349.979794
SKU000119,Next Detergent,Cleaning,Detergent,V0074,Cummings-Bryant,3.713347537562605,6.511585,564.0,1.3255733435582826,747.6233657668714,3672.5339400000003
SKU000207,Decide Chips,Snacks,Chips,V0011,Martin-Chandler,5.998481188925081,7.347141428571428,1519.0,2.1611297721297102,3282.75612386503,11160.30783
SKU000576,Say Wipes,Cleaning,Wipes,V0016,"Zhang, Jones and Castro",5.138876270579813,8.197617142857142,1243.0,3.0116054864154247,3743.425619614373,10189.638108571427
SKU000149,Really Juice,Beverages,Juice,V0020,Johnson-Davis,7.96203087431694,8.964205,951.0,3.778193343558282,3593.0618697239265,8524.958955
SKU000102,Off Dry Food,Pet,Dry Food,V0079,"Blake, Barnett and Trevino",3.9568888949671774,8.33522,1326.0,3.149208343558282,4175.850263558282,11052.50172
SKU000148,Song Shampoo,Personal Care,Shampoo,V0029,"Roach, Mullen and Russell",7.520642028985507,6.408781666666666,1254.0,1.2227700102249486,1533.3535928220856,8036.612209999999
SKU000395,Money Wet Food,Pet,Wet Food,V0017,"Wilcox, Harris and Leblanc",7.7275035127911424,7.0697909999999995,1885.0,1.883779343558282,3550.9240626073615,13326.556035
SKU000200,Body Bars,Snacks,Bars,V0071,Ruiz-Palmer,11.6149,12.16097,999.0,6.974958343558283,6967.983385214725,12148.80903
SKU000430,Energy Detergent,Cleaning,Detergent,V0056,Mckinney PLC,6.312054461667364,4.413876428571429,1452.0,-0.7721352278702884,-1121.1403508676588,6408.948574285715
SKU000556,School Dry Food,Pet,Dry Food,V0050,Lopez Ltd,4.132341920251836,6.166768571428571,1405.0,0.9807569149868538,1377.9634655565296,8664.309842857143
SKU000100,Account Toothpaste,Personal Care,Toothpaste,V0047,"Wright, Sosa and Fisher",6.11546755,6.964318333333333,1763.0,1.7783066768916154,3135.1546713599178,12278.093221666666
SKU000495,Interest Tea,Beverages,Tea,V0009,"Crane, Richardson and Moore",3.6519420079260234,7.725121,1128.0,2.539109343558282,2864.1153395337424,8713.936488
SKU000589,Key Shampoo,Personal Care,Shampoo,V0072,Jones-Johnson,3.559894572526417,8.211688571428573,1940.0,3.025676914986855,5869.813215074499,15930.675828571431
SKU000040,Party Dry Food,Pet,Dry Food,V0051,Hartman-Jones,10.329244,9.351099999999999,1521.0,4.165088343558281,6335.099370552146,14223.023099999999
SKU000219,Amount Water,Beverages,Water,V0038,Lucero Ltd,8.258124154804271,7.296938999999999,843.0,2.1109273435582816,1779.5117506196314,6151.319576999999
SKU000593,Any Tea,Beverages,Tea,V0044,Taylor-Le,7.99388256762559,10.837887499999999,1627.0,5.651875843558281,9195.601997469324,17633.242962499997
SKU000531,Firm Chips,Snacks,Chips,V0077,"Miller, Castillo and Vasquez",4.456069218464351,5.399656666666666,684.0,0.21364501022494853,146.1331869938648,3693.36516
SKU000263,White Shampoo,Personal Care,Shampoo,V0032,"Bennett, Wright and Walter",2.7559207334273625,6.8227785,2156.0,1.6367668435582825,3528.869314711657,14709.910446
SKU000400,Order Water,Beverages,Water,V0044,Taylor-Le,5.287249162011173,7.307907500000001,774.0,2.121895843558283,1642.3473829141112,5656.320405
SKU000066,Interest Water,Beverages,Water,V0005,"Patterson, Thomas and Potter",6.465222752613241,8.963423333333333,443.0,3.7774116768916155,1673.3933728629856,3970.7965366666667
SKU000181,Billion Detergent,Cleaning,Detergent,V0057,Munoz PLC,2.4127392092257,3.2236433333333334,2167.0,-1.9623683231083842,-4252.452156175868,6985.635103333333
SKU000128,Election Nuts,Snacks,Nuts,V0054,Barron-Howell,9.734190696313632,9.436227222222222,1376.0,4.250215565780504,5848.296618513974,12984.248657777776
SKU000451,Discover Chips,Snacks,Chips,V0006,Benson Group,6.338189983117614,3.5502000000000002,1042.0,-1.6358116564417173,-1704.5157460122696,3699.3084000000003
SKU000150,Cup Coffee,Beverages,Coffee,V0035,Williams-Scott,6.489374192474193,9.130251666666666,1483.0,3.9442400102249486,5849.307935163599,13540.163221666666
SKU000047,Myself Wet Food,Pet,Wet Food,V0063,"Pratt, Burns and Berry",5.068785554171855,7.107316666666667,612.0,1.9213050102249492,1175.8386662576688,4349.6778
SKU000322,Want Toothpaste,Personal Care,Toothpaste,V0048,"Sullivan, Benjamin and Whitehead",12.2048,6.864389999999999,1404.0,1.6783783435582817,2356.4431943558275,9637.60356
SKU000159,Million Tea,Beverages,Tea,V0027,Waters LLC,6.906181534772182,10.229076111111112,1848.0,5.043064454669395,9319.583112229042,18903.332653333335
SKU000104,Between Toothpaste,Personal Care,Toothpaste,V0070,"Howell, Smith and Newman",7.29707845906902,3.21361625,996.0,-1.9723954064417177,-1964.505824815951,3200.7617849999997
SKU000534,Loss Toothpaste,Personal Care,Toothpaste,V0012,Washington-Lopez,4.4422143691588785,10.68931916666667,906.0,5.503307510224952,4985.996604263806,9684.523165000002
SKU000492,History Tea,Beverages,Tea,V0009,"Crane, Richardson and Moore",8.27351968,5.510657857142857,1567.0,0.3246462007011397,508.7205964986859,8635.200862142858
SKU000103,Choose Bars,Snacks,Bars,V0013,Harrison and Sons,3.1922121057985757,5.313591428571429,1263.0,0.12757977212971117,161.1332521998252,6711.065974285714
SKU000590,Already Soap,Personal Care,Soap,V0041,Pope-Keith,5.333759085320876,5.628277142857143,1781.0,0.4422654864154252,787.6748313058722,10023.961591428571
SKU000443,Discover Bars,Snacks,Bars,V0071,Ruiz-Palmer,2.824736877946569,4.983439166666667,1258.0,-0.2025724897750507,-254.8361921370138,6269.166471666667
SKU000110,About Bars,Snacks,Bars,V0051,Hartman-Jones,6.004450419664269,8.7483285,2103.0,3.562316843558282,7491.552322003067,18397.7348355
SKU000544,Ok Spray,Cleaning,Spray,V0064,"Burke, Romero and Navarro",5.672733955417314,5.466114166666666,881.0,0.2801025102249488,246.7703115081799,4815.646580833333
SKU000030,Maintain Bars,Snacks,Bars,V0080,"Wilkins, Baker and Olson",4.636806317689531,4.459090555555556,1434.0,-0.7269211008861616,-1042.4048586707556,6394.3358566666675
SKU000313,Sister Shampoo,Personal Care,Shampoo,V0054,Barron-Howell,9.541937148262,9.648007857142856,1781.0,4.4619962007011384,7946.815233448728,17183.101993571425
SKU000266,Positive Detergent,Cleaning,Detergent,V0067,Kelly LLC,5.598814990689012,5.988194444444444,1785.0,0.8021827880027264,1431.8962765848667,10688.927083333332
SKU000485,Note Water,Beverages,Water,V0062,Parker LLC,6.928264756258235,8.23964875,737.0,3.053637093558283,2250.530537952455,6072.62112875
SKU000403,Piece Water,Beverages,Water,V0071,Ruiz-Palmer,5.142342547660312,12.452516666666666,1143.0,7.266505010224948,8305.615226687116,14233.22655
SKU000343,Human Dry Food,Pet,Dry Food,V0064,"Burke, Romero and Navarro",7.692765267514042,10.446783333333332,1052.0,5.260771676891615,5534.3318040899785,10990.016066666665
SKU000444,My Bars,Snacks,Bars,V0039,"Mendoza, King and Haley",3.313584707766213,7.3784672222222225,2058.0,2.192455565780505,4512.073554376279,15184.885543333334
SKU000120,Though Juice,Beverages,Juice,V0006,Benson Group,4.689376927083333,7.170003749999999,1732.0,1.9839920935582818,3436.274306042944,12418.446494999998
SKU000091,More Tea,Beverages,Tea,V0010,Martinez Inc,4.591452271273192,7.486135714285714,1320.0,2.3001240578439965,3036.1637563540753,9881.699142857142
SKU000133,Threat Dry Food,Pet,Dry Food,V0003,Morton-Hunt,2.779533704735376,1.8507166666666668,581.0,-3.3352949897750506,-1937.8063890593044,1075.2663833333334
SKU000364,Discuss Shampoo,Personal Care,Shampoo,V0033,Hoffman Group,3.0240226660009983,5.667773333333334,1338.0,0.4817616768916162,644.5971236809825,7583.4807200000005
SKU000568,Election Soap,Personal Care,Soap,V0043,Parker-Ferguson,4.913187149095447,4.3289125,691.0,-0.8570991564417172,-592.2555171012266,2991.2785375000003
SKU000215,Their Wet Food,Pet,Wet Food,V0035,Williams-Scott,6.633007442849547,5.553925833333334,1501.0,0.36791417689161676,552.2391795143168,8336.442675833336
SKU000470,As Dry Food,Pet,Dry Food,V0041,Pope-Keith,4.761473883696781,5.5218925,526.0,0.3358808435582823,176.67332371165648,2904.5154549999997
SKU000464,Federal Chips,Snacks,Chips,V0008,Fernandez-Benson,6.0956887117185525,12.008377,1068.0,6.822365343558282,7286.286186920245,12824.946635999999
SKU000355,Test Wet Food,Pet,Wet Food,V0066,"Lopez, Jensen and Nguyen",7.222871705426357,8.9938225,2294.0,3.8078108435582827,8735.1180751227,20631.828815
SKU000334,Miss Bars,Snacks,Bars,V0031,Ware Group,6.653524120769741,10.863695833333333,1528.0,5.677684176891615,8675.501422290388,16599.72723333333
SKU000225,Production Tea,Beverages,Tea,V0005,"Patterson, Thomas and Potter",7.057275076804915,8.667420000000002,1289.0,3.481408343558284,4487.535354846628,11172.304380000001
SKU000328,Recognize Toothpaste,Personal Care,Toothpaste,V0007,"Townsend, Russell and Ramos",6.742823635324378,9.9714925,1920.0,4.7854808435582825,9188.123219631903,19145.2656
SKU000391,Hospital Detergent,Cleaning,Detergent,V0075,Ross LLC,3.1308822865208183,5.969291,1028.0,0.7832793435582825,805.2111651779145,6136.431148000001
SKU000218,Morning Wet Food,Pet,Wet Food,V0066,"Lopez, Jensen and Nguyen",7.092128531663187,6.277565000000001,1950.0,1.0915533435582834,2128.5290199386527,12241.251750000001
SKU000523,Clear Spray,Cleaning,Spray,V0075,Ross LLC,7.901075967741936,10.799834285714287,1589.0,5.613822629272569,8920.364157914113,17160.936680000003
SKU000478,Share Bars,Snacks,Bars,V0024,"Rodriguez, Caldwell and Sims",9.0304288701394,7.3003825,1895.0,2.114370843558283,4006.732748542946,13834.224837500002
SKU000511,Water Detergent,Cleaning,Detergent,V0011,Martin-Chandler,8.07738121748179,5.241573333333333,371.0,0.05556167689161562,20.613382126789396,1944.6237066666665
SKU000260,Student Tea,Beverages,Tea,V0006,Benson Group,4.993714501935938,8.476772500000001,1623.0,3.2907608435582834,5340.904849095094,13757.801767500001
SKU000261,Hit Detergent,Cleaning,Detergent,V0074,Cummings-Bryant,6.529899251870324,6.354265,437.0,1.1682533435582823,510.52671113496933,2776.813805
SKU000320,Necessary Bars,Snacks,Bars,V0004,"Rose, Kramer and Smith",7.51339645641389,8.352480833333333,1442.0,3.1664691768916153,4566.04855307771,12044.277361666665
SKU000382,True Bars,Snacks,Bars,V0063,"Pratt, Burns and Berry",9.42749230145867,8.799854444444444,1747.0,3.613842788002726,6313.383350640763,15373.345714444444
SKU000032,Compare Nuts,Snacks,Nuts,V0011,Martin-Chandler,6.860418404478656,3.82399375,899.0,-1.3620179064417175,-1224.454097891104,3437.77038125
SKU000353,Also Soap,Personal Care,Soap,V0038,Lucero Ltd,7.720365388397246,11.205095714285715,1617.0,6.0190840578439975,9732.858921533743,18118.63977
SKU000156,Policy Detergent,Cleaning,Detergent,V0076,Perez-Melendez,4.36095060331825,3.1680825000000006,1156.0,-2.017929156441717,-2332.726104846625,3662.3033700000005
SKU000415,Station Shampoo,Personal Care,Shampoo,V0025,Reed-Harper,3.8080853142501554,5.402754090909091,2144.0,0.21674243446737318,464.69577949804807,11583.50477090909
SKU000125,Interesting Bars,Snacks,Bars,V0055,White Group,4.7038579536967875,7.0865,317.0,1.9004883435582824,602.4548049079756,2246.4205
SKU000231,Minute Soap,Personal Care,Soap,V0014,Deleon and Sons,5.901238758708043,5.261268571428572,759.0,0.07525691498685472,57.11999847502273,3993.3028457142864
SKU000570,Lay Soap,Personal Care,Soap,V0080,"Wilkins, Baker and Olson",7.701473337722186,6.94821357142857,1845.0,1.7622019149868526,3251.262533150743,12819.454039285712
SKU000410,Book Wet Food,Pet,Wet Food,V0038,Lucero Ltd,5.746770588235294,7.430483571428572,1539.0,2.244471914986854,3454.2422771647684,11435.514216428572
SKU000176,Avoid Wet Food,Pet,Wet Food,V0006,Benson Group,7.6894851476421335,5.541335,1103.0,0.35532334355828255,391.92164794478566,6112.0925050000005
SKU000588,Still Shampoo,Personal Care,Shampoo,V0046,Baker LLC,9.656086670616112,9.269076,625.0,4.0830643435582825,2551.9152147239265,5793.1725
SKU000428,Skill Treats,Pet,Treats,V0037,Jones-Morgan,8.289662623951182,6.6078675,1106.0,1.4218558435582827,1572.5725629754606,7308.301455
SKU000442,Race Dry Food,Pet,Dry Food,V0046,Baker LLC,8.62477998798077,11.5521725,693.0,6.366160843558282,4411.74946458589,8005.6555425
SKU000494,Half Wet Food,Pet,Wet Food,V0045,Jennings-Finley,5.562401858108107,10.827809,1054.0,5.641797343558283,5946.45440011043,11412.510686
SKU000361,Since Coffee,Beverages,Coffee,V0058,"Schroeder, Gibbs and Smith",7.751694281175536,10.03078625,1015.0,4.844774593558283,4917.446212461657,10181.24804375
SKU000332,Majority Shampoo,Personal Care,Shampoo,V0063,"Pratt, Burns and Berry",3.29664234620887,6.579780625000001,1431.0,1.393768968558283,1994.483394006903,9415.666074375002
SKU000236,Letter Chips,Snacks,Chips,V0009,"Crane, Richardson and Moore",5.868427575277337,8.731787142857142,1324.0,3.5457754864154243,4694.606744014021,11560.886177142856
SKU000508,Again Soap,Personal Care,Soap,V0076,Perez-Melendez,8.803673757455268,7.421703571428571,1746.0,2.2356919149868535,3903.5180835670462,12958.294435714284
SKU000571,Part Juice,Beverages,Juice,V0048,"Sullivan, Benjamin and Whitehead",2.415354421279655,8.113134285714285,1255.0,2.927122629272567,3673.538899737072,10181.983528571427
SKU000275,Court Bars,Snacks,Bars,V0032,"Bennett, Wright and Walter",4.260689453125001,7.419876250000001,1058.0,2.233864593558283,2363.4287399846635,7850.2290725
SKU000147,Skin Nuts,Snacks,Nuts,V0060,"Thompson, Dawson and King",8.234164072164948,8.119306,964.0,2.9332943435582823,2827.695747190184,7827.010984
SKU000420,Wall Chips,Snacks,Chips,V0036,Johnson-Wright,4.913678362103573,7.1542900000000005,470.0,1.968278343558283,925.0908214723929,3362.5163000000002
SKU000151,Civil Toothpaste,Personal Care,Toothpaste,V0047,"Wright, Sosa and Fisher",3.631030292259084,6.564435,1866.0,1.378423343558282,2572.137959079754,12249.235709999999
SKU000044,Beat Detergent,Cleaning,Detergent,V0041,Pope-Keith,6.282975201072387,5.4457794999999996,2010.0,0.259767843558282,522.1333655521468,10946.016795
SKU000138,Strong Treats,Pet,Treats,V0034,Schroeder-Webb,5.419471675586661,6.198805,1439.0,1.0127933435582825,1457.4096213803687,8920.080395
SKU000041,Responsibility Nuts,Snacks,Nuts,V0067,Kelly LLC,8.158158171745153,9.526722142857142,1399.0,4.340710486415425,6072.653970495179,13327.884277857142
SKU000458,Necessary Shampoo,Personal Care,Shampoo,V0023,"Walker, Lynch and Hawkins",10.889381797056547,10.056645909090909,2412.0,4.870634252649191,11747.969817389849,24256.62993272727
SKU000189,Color Toothpaste,Personal Care,Toothpaste,V0073,"Hamilton, Wright and Padilla",5.641781285444234,9.15222375,981.0,3.9662120935582816,3890.854063780674,8978.33149875
SKU000038,Hot Wipes,Cleaning,Wipes,V0060,"Thompson, Dawson and King",5.201038895089286,3.455512777777778,2125.0,-1.7304988786639397,-3677.310117160872,7342.964652777778
SKU000365,Cold Bars,Snacks,Bars,V0080,"Wilkins, Baker and Olson",9.481737819488817,7.052771666666666,1053.0,1.8667600102249482,1965.6982907668705,7426.568564999999
SKU000258,Write Detergent,Cleaning,Detergent,V0059,Lin-Sanders,6.371711302142052,8.353293500000001,2175.0,3.1672818435582837,6888.838009739267,18168.413362500003
SKU000501,Serve Bars,Snacks,Bars,V0015,"Novak, Shannon and Fischer",5.274818628616726,10.0440075,1239.0,4.857995843558282,6019.056850168711,12444.525292499999
SKU000292,Where Nuts,Snacks,Nuts,V0068,"Kaiser, Rodriguez and Jones",8.802367490494296,11.659486666666666,763.0,6.4734750102249485,4939.261432801636,8896.188326666666
SKU000555,Democrat Juice,Beverages,Juice,V0053,Ryan-Nguyen,5.277894219325589,6.093287999999999,414.0,0.9072763435582818,375.61240623312864,2522.621232
SKU000069,Practice Wet Food,Pet,Wet Food,V0043,Parker-Ferguson,6.768455369493993,6.921765000000001,1471.0,1.735753343558283,2553.2931683742345,10181.916315
SKU000572,Story Spray,Cleaning,Spray,V0078,"Jacobs, Lewis and Cole",7.08084397137746,5.383441,797.0,0.1974293435582828,157.3511868159514,4290.602477
SKU000129,Down Spray,Cleaning,Spray,V0060,"Thompson, Dawson and King",6.134548795944233,6.4153080000000005,1371.0,1.2292963435582829,1685.3652870184058,8795.387268
SKU000392,Whom Coffee,Beverages,Coffee,V0046,Baker LLC,9.158075235109717,6.710066,1055.0,1.5240543435582827,1607.8773324539882,7079.11963
SKU000486,Official Soap,Personal Care,Soap,V0015,"Novak, Shannon and Fischer",7.2609416666666675,6.685657857142857,1137.0,1.4996462007011395,1705.0977301971957,7601.592983571429
SKU000402,Line Dry Food,Pet,Dry Food,V0006,Benson Group,6.558074184988627,6.860405714285714,1480.0,1.6743940578439966,2478.103205609115,10153.400457142858
SKU000217,Different Bars,Snacks,Bars,V0023,"Walker, Lynch and Hawkins",8.324527083333333,6.6556299999999995,2449.0,1.469618343558282,3599.0953233742325,16299.637869999999
SKU000180,Music Treats,Pet,Treats,V0015,"Novak, Shannon and Fischer",4.970160086767896,8.0115796875,3123.0,2.825568031058282,8824.248960995013,25020.163364062497
SKU000171,Push Dry Food,Pet,Dry Food,V0018,"Ortiz, Diaz and Hayes",6.833064839319471,5.784745,556.0,0.5987333435582824,332.89573901840504,3216.31822
SKU000079,Cup Treats,Pet,Treats,V0023,"Walker, Lynch and Hawkins",6.163994054776219,7.07663409090909,2173.0,1.8906224344673728,4108.322550097601,15377.525879545454
SKU000282,Draw Coffee,Beverages,Coffee,V0013,Harrison and Sons,3.9693092555332,6.633595000000001,1659.0,1.447583343558283,2401.5407669631913,11005.134105000001
SKU000278,Month Treats,Pet,Treats,V0067,Kelly LLC,8.468036607142857,10.613827222222222,2277.0,5.427815565780504,12359.136043282208,24167.684585
SKU000524,Company Treats,Pet,Treats,V0067,Kelly LLC,7.595110263808737,8.909174000000002,977.0,3.7231623435582843,3637.529609656444,8704.262998000002
SKU000016,Include Tea,Beverages,Tea,V0006,Benson Group,8.895734863387979,8.200048333333335,1939.0,3.0140366768916174,5844.217116492846,15899.893718333336
SKU000295,Into Shampoo,Personal Care,Shampoo,V0007,"Townsend, Russell and Ramos",5.088773180751174,7.362737857142858,1478.0,2.1767262007011405,3217.201324636286,10882.126552857144
SKU000466,Everybody Chips,Snacks,Chips,V0007,"Townsend, Russell and Ramos",6.821470170454545,6.16273875,1268.0,0.9767270935582824,1238.489954631902,7814.3527349999995
SKU000591,Part Dry Food,Pet,Dry Food,V0007,"Townsend, Russell and Ramos",5.412851032644903,10.1728925,843.0,4.986880843558282,4203.940551119632,8575.7483775
SKU000529,Role Detergent,Cleaning,Detergent,V0009,"Crane, Richardson and Moore",9.584319661335842,10.862597857142857,1052.0,5.67658620070114,5971.768683137599,11427.452945714285
SKU000022,Base Coffee,Beverages,Coffee,V0053,Ryan-Nguyen,4.40359009752438,3.7094885000000004,2048.0,-1.4765231564417172,-3023.9194243926368,7597.032448000001
SKU000580,Instead Dry Food,Pet,Dry Food,V0051,Hartman-Jones,8.116529015733626,8.789015833333332,1207.0,3.6030041768916146,4348.826041508179,10608.342110833331
SKU000573,Television Spray,Cleaning,Spray,V0009,"Crane, Richardson and Moore",3.294663670568562,7.200348571428571,1441.0,2.0143369149868535,2902.659494496056,10375.702291428572
SKU000254,In Spray,Cleaning,Spray,V0003,Morton-Hunt,6.834400828729281,9.813963124999999,1985.0,4.627951468558281,9186.483665088188,19480.716803124997
SKU000487,Hour Coffee,Beverages,Coffee,V0005,"Patterson, Thomas and Potter",2.9927,9.0710455,1908.0,3.8850338435582827,7412.644573509204,17307.554814
SKU000548,Question Treats,Pet,Treats,V0003,Morton-Hunt,6.468189614035088,6.451289,2595.0,1.2652773435582825,3283.394706533743,16741.094955
SKU000514,Do Spray,Cleaning,Spray,V0027,Waters LLC,6.884092339640055,8.863366000000001,460.0,3.6773543435582834,1691.5829980368103,4077.1483600000006
SKU000211,Network Chips,Snacks,Chips,V0003,Morton-Hunt,5.873039367588933,8.445858846153847,2421.0,3.2598471897121293,7892.090046293065,20447.424266538463
SKU000052,We Toothpaste,Personal Care,Toothpaste,V0022,Pierce Ltd,4.389574009508717,7.683784285714286,1171.0,2.4977726292725686,2924.8917488781776,8997.71139857143
SKU000235,Today Bars,Snacks,Bars,V0065,"Collins, Lyons and Fox",5.9382716417910455,6.64699,2280.0,1.4609783435582822,3331.030623312883,15155.1372
SKU000366,However Toothpaste,Personal Care,Toothpaste,V0043,Parker-Ferguson,5.17268834148176,4.155712,435.0,-1.0302996564417173,-448.180350552147,1807.7347200000002
SKU000228,Against Detergent,Cleaning,Detergent,V0045,Jennings-Finley,5.088583481035094,10.600348125,2083.0,5.414336468558282,11278.062864006903,22080.525144375
SKU000482,Life Soap,Personal Care,Soap,V0047,"Wright, Sosa and Fisher",8.38246469387755,4.757728,417.0,-0.4282836564417174,-178.59428473619616,1983.9725760000001
SKU000507,Early Wipes,Cleaning,Wipes,V0019,Stewart-Washington,4.743841048466865,6.847953888888888,1850.0,1.6619422324471707,3074.5931300272655,12668.714694444443
SKU000520,Before Bars,Snacks,Bars,V0075,Ross LLC,10.02152987012987,8.100435000000001,1873.0,2.9144233435582834,5458.714922484664,15172.114755000002
SKU000347,Evidence Wet Food,Pet,Wet Food,V0021,"Baldwin, Haas and Smith",8.606089970149254,9.996210833333334,1021.0,4.810199176891617,4911.21335960634,10206.131260833334
SKU000072,Relationship Wipes,Cleaning,Wipes,V0035,Williams-Scott,6.26813790354723,7.648561111111111,1543.0,2.462549454669394,3799.7138085548745,11801.729794444445
SKU000257,Majority Chips,Snacks,Chips,V0063,"Pratt, Burns and Berry",5.1279523557904,5.3861,188.0,0.2000883435582823,37.61660858895708,1012.5867999999999
SKU000061,Hundred Dry Food,Pet,Dry Food,V0047,"Wright, Sosa and Fisher",6.923169287211739,7.990399545454545,1661.0,2.804387889012827,4658.088283650306,13272.053644999998
SKU000598,Particularly Wet Food,Pet,Wet Food,V0034,Schroeder-Webb,4.75153708086785,5.883713333333333,1783.0,0.6977016768916151,1244.0020898977498,10490.660873333332
SKU000249,None Wet Food,Pet,Wet Food,V0074,Cummings-Bryant,4.902080448065172,5.753982777777777,1686.0,0.5679711213360594,957.5993105725962,9701.214963333332
SKU000084,Professional Wet Food,Pet,Wet Food,V0003,Morton-Hunt,5.667162622196664,8.486775,1567.0,3.300763343558282,5172.296159355828,13298.776425
SKU000388,Remember Juice,Beverages,Juice,V0026,Sanchez-Jackson,5.8595945246526835,7.687675555555556,1267.0,2.5016638991138382,3169.608160177233,9740.284928888888
SKU000027,How Nuts,Snacks,Nuts,V0031,Ware Group,6.742987153881071,8.290497857142856,783.0,3.104486200701139,2430.8126951489917,6491.459822142857
SKU000499,Raise Toothpaste,Personal Care,Toothpaste,V0045,Jennings-Finley,5.486541067415731,5.6247912499999995,1445.0,0.4387795935582819,634.0365126917173,8127.823356249999
SKU000024,Five Coffee,Beverages,Coffee,V0046,Baker LLC,7.977700000000001,9.660115,1470.0,4.474103343558282,6576.931915030675,14200.36905
SKU000358,Less Spray,Cleaning,Spray,V0024,"Rodriguez, Caldwell and Sims",5.277791964285714,5.797685833333333,1166.0,0.6116741768916159,713.212090255624,6760.101681666667
SKU000367,Change Soap,Personal Care,Soap,V0046,Baker LLC,4.208880456741326,10.531470000000002,1226.0,5.345458343558285,6553.531929202457,12911.582220000002
SKU000046,Fund Toothpaste,Personal Care,Toothpaste,V0036,Johnson-Wright,3.7504368178001677,7.664106666666666,970.0,2.4780950102249486,2403.7521599182,7434.183466666666
SKU000381,Dream Chips,Snacks,Chips,V0063,"Pratt, Burns and Berry",7.959672310036184,7.279698000000001,2303.0,2.093686343558283,4821.759649214726,16765.144494
SKU000324,Fine Toothpaste,Personal Care,Toothpaste,V0054,Barron-Howell,7.288642675698561,9.855454375,1811.0,4.669442718558283,8456.36076330905,17848.227873125
SKU000116,Which Water,Beverages,Water,V0041,Pope-Keith,5.247100678610206,7.73671375,231.0,2.5507020935582823,589.2121836119632,1787.18087625
SKU000284,One Shampoo,Personal Care,Shampoo,V0015,"Novak, Shannon and Fischer",7.079092938620316,6.781405625,1878.0,1.595393968558282,2996.1498729524537,12735.47976375
SKU000453,Rich Detergent,Cleaning,Detergent,V0050,Lopez Ltd,5.4084129253645985,8.733604,1034.0,3.547592343558282,3668.210483239264,9030.546536
SKU000378,Lot Nuts,Snacks,Nuts,V0059,Lin-Sanders,3.6088211517566102,10.166041666666667,1053.0,4.980030010224949,5243.971600766871,10704.841875
SKU000398,Health Wet Food,Pet,Wet Food,V0074,Cummings-Bryant,8.738650475758948,8.493538571428571,1177.0,3.3075269149868536,3892.9591789395267,9996.894898571429
SKU000547,Nor Coffee,Beverages,Coffee,V0014,Deleon and Sons,5.89314027833002,6.444006666666667,197.0,1.257995010224949,247.82501701431497,1269.4693133333333
SKU000285,Feeling Coffee,Beverages,Coffee,V0027,Waters LLC,6.9689493943472405,8.006985,541.0,2.8209733435582827,1526.146578865031,4331.778885
SKU000064,Increase Wipes,Cleaning,Wipes,V0050,Lopez Ltd,4.389590322580645,5.578928749999999,807.0,0.39291709355828175,317.0840945015334,4502.195501249999
SKU000096,Let Shampoo,Personal Care,Shampoo,V0058,"Schroeder, Gibbs and Smith",6.022435911303408,10.019444444444444,1846.0,4.833432788002726,8922.516926653032,18495.894444444442
SKU000088,Hold Shampoo,Personal Care,Shampoo,V0021,"Baldwin, Haas and Smith",7.5541087703016245,6.415428888888889,1936.0,1.2294172324471715,2380.151762017724,12420.27032888889
SKU000585,Right Chips,Snacks,Chips,V0016,"Zhang, Jones and Castro",6.621633734939759,5.4658308333333325,894.0,0.27981917689161495,250.15834414110375,4886.452764999999
SKU000302,Trial Shampoo,Personal Care,Shampoo,V0069,Sims Group,5.2173998385360605,4.521123333333333,1299.0,-0.6648883231083849,-863.689931717792,5872.93921
SKU000333,Spend Wet Food,Pet,Wet Food,V0072,Jones-Johnson,5.1462847975291695,6.2222675,575.0,1.0362558435582825,595.8471100460124,3577.8038125
SKU000245,Star Water,Beverages,Water,V0048,"Sullivan, Benjamin and Whitehead",5.13680380794702,9.4703995,2233.0,4.284387843558282,9567.038054665643,21147.402083499997
SKU000532,Dinner Bars,Snacks,Bars,V0042,"Mejia, Washington and Orr",6.908623067915691,8.425739,1109.0,3.2397273435582825,3592.857624006135,9344.144551
SKU000033,Score Bars,Snacks,Bars,V0044,Taylor-Le,5.662252406417112,4.275623333333334,1023.0,-0.9103883231083838,-931.3272545398767,4373.962670000001
SKU000144,Least Water,Beverages,Water,V0073,"Hamilton, Wright and Padilla",3.4562674967234597,7.166740999999999,714.0,1.9807293435582816,1414.240751300613,5117.0530739999995
SKU000308,Land Bars,Snacks,Bars,V0072,Jones-Johnson,4.406064485981308,4.058142142857143,1512.0,-1.1278695135845744,-1705.3387045398765,6135.91092
SKU000095,Political Detergent,Cleaning,Detergent,V0072,Jones-Johnson,7.8375308641975305,10.495572916666667,1888.0,5.30956126022495,10024.451659304705,19815.641666666666
SKU000422,Physical Wipes,Cleaning,Wipes,V0042,"Mejia, Washington and Orr",6.4191698630137,8.34497,898.0,3.1589583435582824,2836.7445925153374,7493.78306
SKU000109,Wall Toothpaste,Personal Care,Toothpaste,V0074,Cummings-Bryant,5.401142873563218,7.537255,649.0,2.3512433435582825,1525.9569299693253,4891.678495
SKU000512,Look Tea,Beverages,Tea,V0058,"Schroeder, Gibbs and Smith",8.945890460157127,6.09643909090909,1704.0,0.9104274344673726,1551.368348332403,10388.33221090909
SKU000462,Threat Toothpaste,Personal Care,Toothpaste,V0067,Kelly LLC,2.0029074277854195,7.870141666666666,1009.0,2.6841300102249486,2708.2871803169733,7940.972941666666
SKU000090,Bad Dry Food,Pet,Dry Food,V0075,Ross LLC,6.963652203280797,7.676630833333334,1517.0,2.4906191768916166,3778.2692913445826,11645.448974166668
SKU000526,Successful Juice,Beverages,Juice,V0077,"Miller, Castillo and Vasquez",4.6234666044776125,4.555945,1476.0,-0.6300666564417172,-929.9783849079746,6724.574820000001
SKU000525,Add Wipes,Cleaning,Wipes,V0038,Lucero Ltd,3.526205263157895,1.96667125,705.0,-3.2193404064417175,-2269.634986541411,1386.50323125
SKU000337,Rather Soap,Personal Care,Soap,V0058,"Schroeder, Gibbs and Smith",8.584671181556196,9.0112345,1971.0,3.825222843558283,7539.514224653376,17761.143199500002
SKU000377,There Dry Food,Pet,Dry Food,V0035,Williams-Scott,6.656545226883562,9.91923,1744.0,4.733218343558283,8254.732791165645,17299.13712
SKU000141,Pass Soap,Personal Care,Soap,V0058,"Schroeder, Gibbs and Smith",8.851937317784255,11.17735,524.0,5.991338343558283,3139.4612920245404,5856.9314
SKU000122,For Nuts,Snacks,Nuts,V0066,"Lopez, Jensen and Nguyen",8.205309127625203,8.833796666666666,237.0,3.6477850102249487,864.5250474233128,2093.60981
SKU000432,Case Bars,Snacks,Bars,V0039,"Mendoza, King and Haley",2.389516385542169,3.607906666666667,457.0,-1.5781049897750505,-721.1939803271981,1648.8133466666668
SKU000021,Continue Chips,Snacks,Chips,V0068,"Kaiser, Rodriguez and Jones",5.747456671899529,4.906895,649.0,-0.279116656441718,-181.146710030675,3184.574855
SKU000286,Stand Coffee,Beverages,Coffee,V0015,"Novak, Shannon and Fischer",6.958620498084291,7.864620625000001,1644.0,2.678608968558283,4403.633144309817,12929.4363075
SKU000294,Education Spray,Cleaning,Spray,V0080,"Wilkins, Baker and Olson",8.218452412280701,10.614760833333335,807.0,5.428749176891618,4381.000585751535,8566.111992500002
SKU000454,Wear Toothpaste,Personal Care,Toothpaste,V0054,Barron-Howell,2.7722046637744038,6.706402999999999,1125.0,1.5203913435582814,1710.4402615030665,7544.703374999999
SKU000527,Experience Coffee,Beverages,Coffee,V0048,"Sullivan, Benjamin and Whitehead",6.925605947441217,11.414686999999999,845.0,6.228675343558281,5263.230665306748,9645.410515
SKU000012,Form Wet Food,Pet,Wet Food,V0053,Ryan-Nguyen,7.240756811451135,5.718428333333333,625.0,0.5324166768916152,332.7604230572595,3574.017708333333
SKU000369,Alone Soap,Personal Care,Soap,V0030,Ali PLC,8.72176123287671,7.792393333333334,2117.0,2.6063816768916164,5517.710009979552,16496.49668666667
SKU000267,Evidence Chips,Snacks,Chips,V0044,Taylor-Le,7.477174368932039,5.4751675,1159.0,0.28915584355828283,335.13162268404983,6345.7191325
SKU000445,Design Juice,Beverages,Juice,V0019,Stewart-Washington,6.645199542072124,4.9287125000000005,860.0,-0.2572991564417171,-221.2772745398767,4238.69275
SKU000145,We Juice,Beverages,Juice,V0016,"Zhang, Jones and Castro",9.803457762991128,9.21813125,876.0,4.032119593558283,3532.1367639570562,8075.082975
SKU000336,Cut Wet Food,Pet,Wet Food,V0011,Martin-Chandler,4.654439278350516,5.751510000000001,1051.0,0.565498343558283,594.3387590797554,6044.83701
SKU000408,Establish Spray,Cleaning,Spray,V0029,"Roach, Mullen and Russell",5.884605220633934,5.062947142857142,1042.0,-0.12306451358457515,-128.23322315512732,5275.590922857143
SKU000509,Together Shampoo,Personal Care,Shampoo,V0034,Schroeder-Webb,5.195273672971323,9.005240714285714,1269.0,3.8192290578439962,4846.601674404032,11427.650466428571
SKU000112,Compare Soap,Personal Care,Soap,V0015,"Novak, Shannon and Fischer",4.63518727705113,8.823633749999999,666.0,3.6376220935582815,2422.6563143098156,5876.5400775
SKU000238,After Detergent,Cleaning,Detergent,V0042,"Mejia, Washington and Orr",6.037682194417709,7.546931249999999,1088.0,2.3609195935582816,2568.6805177914102,8211.061199999998
SKU000457,Range Chips,Snacks,Chips,V0011,Martin-Chandler,6.3400030699260945,11.57576875,730.0,6.389757093558282,4664.522678297546,8450.3111875
SKU000344,Doctor Bars,Snacks,Bars,V0061,"Jacobs, Reese and Sanchez",7.481094636015325,4.911161666666667,1520.0,-0.27484998977505093,-417.77198445807744,7464.965733333333
SKU000009,When Spray,Cleaning,Spray,V0046,Baker LLC,10.043728227194492,9.774987142857142,1628.0,4.588975486415425,7470.852091884311,15913.679068571428
SKU000185,Here Soap,Personal Care,Soap,V0078,"Jacobs, Lewis and Cole",5.740450909090909,4.305438125,1698.0,-0.8805735314417173,-1495.213856388036,7310.63393625
SKU000565,Place Wipes,Cleaning,Wipes,V0053,Ryan-Nguyen,8.117759255583127,8.449945,930.0,3.263933343558282,3035.4580095092024,7858.44885
SKU000299,Notice Wipes,Cleaning,Wipes,V0028,Vega Ltd,8.4527,8.6808075,328.0,3.4947958435582827,1146.2930366871167,2847.30486
SKU000230,Home Soap,Personal Care,Soap,V0058,"Schroeder, Gibbs and Smith",8.11073914893617,1.29723,827.0,-3.8887816564417177,-3216.0224298773005,1072.8092100000001
SKU000298,He Dry Food,Pet,Dry Food,V0040,"Pruitt, Mendoza and Benton",2.7039312649164677,8.4038,1515.0,3.217788343558283,4874.949340490798,12731.757000000001
SKU000080,Dinner Treats,Pet,Treats,V0045,Jennings-Finley,6.873642497868714,9.069873,871.0,3.883861343558282,3382.8432302392634,7899.859382999999
SKU000007,Need Nuts,Snacks,Nuts,V0061,"Jacobs, Reese and Sanchez",4.481339074486513,5.104273333333333,718.0,-0.08173832310838414,-58.688115991819814,3664.8682533333335
SKU000296,Place Soap,Personal Care,Soap,V0040,"Pruitt, Mendoza and Benton",6.682828001733854,7.095044,1022.0,1.909032343558282,1951.0310551165644,7251.134967999999
SKU000093,Among Detergent,Cleaning,Detergent,V0018,"Ortiz, Diaz and Hayes",5.447805090497737,8.5441975,1695.0,3.3581858435582816,5692.125004831288,14482.414762499999
SKU000491,Prove Coffee,Beverages,Coffee,V0067,Kelly LLC,7.526552332912988,5.795617142857142,680.0,0.6096054864154246,414.5317307624887,3941.0196571428564
SKU000039,Put Coffee,Beverages,Coffee,V0032,"Bennett, Wright and Walter",3.6638149122807016,8.226237142857142,1734.0,3.040225486415425,5271.750993444347,14264.295205714285
SKU000421,Decide Wipes,Cleaning,Wipes,V0041,Pope-Keith,9.438776552930884,10.946674166666668,994.0,5.76066251022495,5726.098535163601,10880.994121666668
SKU000187,He Dry Food,Pet,Dry Food,V0073,"Hamilton, Wright and Padilla",9.355404964539007,7.666980833333334,669.0,2.480969176891616,1659.768379340491,5129.2101775
SKU000036,Resource Treats,Pet,Treats,V0035,Williams-Scott,8.025622962066182,7.993492142857143,1522.0,2.8074804864154252,4272.985300324277,12166.09504142857
SKU000019,Believe Wipes,Cleaning,Wipes,V0067,Kelly LLC,4.624116930572472,7.07745,317.0,1.8914383435582822,599.5859549079755,2243.55165
SKU000411,House Nuts,Snacks,Nuts,V0003,Morton-Hunt,6.700035854063018,6.320208333333333,747.0,1.1341966768916159,847.244917638037,4721.195625
SKU000506,Strategy Detergent,Cleaning,Detergent,V0010,Martinez Inc,6.8432610581506195,9.88819875,1211.0,4.702187093558283,5694.348570299081,11974.608686250001
SKU000530,Get Nuts,Snacks,Nuts,V0035,Williams-Scott,4.453280729166667,8.6335525,961.0,3.447540843558283,3313.08675065951,8296.843952500001
SKU000386,Southern Wipes,Cleaning,Wipes,V0008,Fernandez-Benson,6.665900474120901,8.51847,559.0,3.332458343558283,1862.8442140490802,4761.82473
SKU000538,Action Soap,Personal Care,Soap,V0077,"Miller, Castillo and Vasquez",7.217338220873221,8.843789000000001,1017.0,3.6577773435582834,3719.9595583987743,8994.133413000001
SKU000407,Tree Wipes,Cleaning,Wipes,V0075,Ross LLC,3.405529952021933,5.478853333333334,1154.0,0.29284167689161666,337.9392951329256,6322.596746666668
SKU000569,Democrat Treats,Pet,Treats,V0033,Hoffman Group,5.053034776902886,11.423384166666665,1155.0,6.237372510224947,7204.1652493098145,13194.008712499997
SKU000172,Product Shampoo,Personal Care,Shampoo,V0049,Thomas Group,6.199591834570519,7.917176666666666,462.0,2.7311650102249487,1261.7982347239263,3657.73562
SKU000051,Class Wet Food,Pet,Wet Food,V0009,"Crane, Richardson and Moore",7.23639234793983,5.762850555555556,2420.0,0.576838899113838,1395.950135855488,13946.098344444445
SKU000124,Key Soap,Personal Care,Soap,V0066,"Lopez, Jensen and Nguyen",6.268341612522151,6.654806818181817,1734.0,1.4687951617400996,2546.890810457333,11539.435022727272
SKU000319,No Soap,Personal Care,Soap,V0001,Butler Group,5.7109737790422,12.347358749999998,423.0,7.16134709355828,3029.2498205751526,5222.9327512499995
SKU000513,Threat Water,Beverages,Water,V0061,"Jacobs, Reese and Sanchez",6.172869049489395,6.1565778571428575,1254.0,0.97056620070114,1217.0900156792295,7720.3486328571435
SKU000584,White Soap,Personal Care,Soap,V0014,Deleon and Sons,7.372605401745411,8.5163325,701.0,3.330320843558283,2334.5549113343563,5969.9490825
SKU000005,Idea Detergent,Cleaning,Detergent,V0053,Ryan-Nguyen,6.672562941176471,8.773339285714286,1243.0,3.5873276292725684,4459.048243185803,10905.260732142857
SKU000346,Me Soap,Personal Care,Soap,V0014,Deleon and Sons,8.008232986627043,5.63103,1735.0,0.4450183435582824,772.1068260736199,9769.83705
SKU000137,Use Treats,Pet,Treats,V0033,Hoffman Group,6.798704265611257,6.6333969999999995,421.0,1.447385343558282,609.3492296380367,2792.660137
SKU000316,Both Chips,Snacks,Chips,V0047,"Wright, Sosa and Fisher",10.053410385925085,9.900438333333332,1252.0,4.714426676891614,5902.462199468301,12395.34879333333
SKU000288,Sister Chips,Snacks,Chips,V0011,Martin-Chandler,5.319046305418719,9.157042500000001,1308.0,3.9710308435582835,5194.108343374235,11977.411590000002
SKU000473,Up Dry Food,Pet,Dry Food,V0008,Fernandez-Benson,4.9546491388044585,6.636603125,1585.0,1.4505914685582821,2299.1874776648774,10519.015953125
SKU000535,Culture Spray,Cleaning,Spray,V0004,"Rose, Kramer and Smith",8.25375798983625,6.4857,1482.0,1.299688343558282,1926.138125153374,9611.8074
SKU000418,Capital Treats,Pet,Treats,V0004,"Rose, Kramer and Smith",6.731809079033312,6.08969875,529.0,0.9036870935582826,478.0504724923315,3221.45063875
SKU000340,Create Juice,Beverages,Juice,V0026,Sanchez-Jackson,6.538293671341244,6.098331250000001,687.0,0.9123195935582835,626.7635607745408,4189.5535687500005
SKU000317,Difference Juice,Beverages,Juice,V0061,"Jacobs, Reese and Sanchez",4.851842843556823,7.189181,1666.0,2.003169343558282,3337.2801263680976,11977.175545999999
SKU000252,Brother Nuts,Snacks,Nuts,V0022,Pierce Ltd,2.4602749999999998,7.598072857142857,1335.0,2.4120612007011397,3220.1017029360214,10143.427264285714
SKU000376,Part Toothpaste,Personal Care,Toothpaste,V0068,"Kaiser, Rodriguez and Jones",7.2132452798940045,9.498436875,2024.0,4.312425218558282,8728.348642361963,19224.836235
SKU000490,Against Wipes,Cleaning,Wipes,V0007,"Townsend, Russell and Ramos",5.136073106646058,6.057662500000002,1814.0,0.8716508435582844,1581.1746302147278,10988.599775000004
SKU000167,Class Detergent,Cleaning,Detergent,V0035,Williams-Scott,7.96613625,6.8175,176.0,1.6314883435582823,287.1419484662577,1199.8799999999999
SKU000049,You Treats,Pet,Treats,V0062,Parker LLC,5.5232495373226405,8.82417625,432.0,3.638164593558283,1571.6871044171783,3812.0441400000004
SKU000196,Read Soap,Personal Care,Soap,V0019,Stewart-Washington,5.1128724252491695,6.68250875,822.0,1.4964970935582826,1230.1206109049083,5493.0221925000005
SKU000305,Catch Tea,Beverages,Tea,V0001,Butler Group,3.405060638820639,5.018142142857143,1397.0,-0.16786951358457447,-234.51371047765053,7010.344573571429
SKU000304,Page Detergent,Cleaning,Detergent,V0026,Sanchez-Jackson,9.13917582322357,9.293987999999999,965.0,4.107976343558281,3964.1971715337413,8968.698419999999
SKU000314,Develop Chips,Snacks,Chips,V0052,Rios and Sons,8.426852026431717,11.47632625,910.0,6.290314593558282,5724.186280138037,10443.4568875
SKU000092,Particularly Wet Food,Pet,Wet Food,V0017,"Wilcox, Harris and Leblanc",3.9256971830985914,5.181467499999999,600.0,-0.00454415644171835,-2.72649386503101,3108.8804999999998
SKU000075,If Detergent,Cleaning,Detergent,V0034,Schroeder-Webb,7.0378147458284825,6.24003875,493.0,1.0540270935582825,519.6353571242332,3076.33910375
SKU000551,Interview Tea,Beverages,Tea,V0070,"Howell, Smith and Newman",10.706313085234093,5.94126,824.0,0.7552483435582822,622.3246350920246,4895.598239999999
SKU000212,Land Detergent,Cleaning,Detergent,V0027,Waters LLC,11.149941341653665,10.050529999999998,1101.0,4.864518343558281,5355.834696257667,11065.63353
SKU000020,On Detergent,Cleaning,Detergent,V0052,Rios and Sons,8.297176034236806,10.325334999999999,952.0,5.1393233435582815,4892.635823067484,9829.71892
SKU000070,Reduce Wipes,Cleaning,Wipes,V0062,Parker LLC,7.694710875331565,8.952396666666667,1191.0,3.7663850102249494,4485.764547177915,10662.30443
SKU000330,Positive Water,Beverages,Water,V0013,Harrison and Sons,5.35840687538367,9.04115125,961.0,3.855139593558283,3704.7891494095097,8688.546351250001
SKU000255,Develop Treats,Pet,Treats,V0065,"Collins, Lyons and Fox",3.568977364223319,6.082158333333333,665.0,0.8961466768916155,595.9375401329244,4044.6352916666665
SKU000202,Word Nuts,Snacks,Nuts,V0032,"Bennett, Wright and Walter",1.8425334987593054,6.388106666666666,546.0,1.2020950102249488,656.3438755828221,3487.90624
SKU000301,Teacher Nuts,Snacks,Nuts,V0003,Morton-Hunt,3.240917232640649,8.765294285714287,1343.0,3.5792826292725692,4806.97657111306,11771.790225714287
SKU000139,Affect Wipes,Cleaning,Wipes,V0003,Morton-Hunt,6.40423785151856,10.367436999999999,1001.0,5.181425343558281,5186.60676890184,10377.804436999999
SKU000480,Phone Detergent,Cleaning,Detergent,V0051,Hartman-Jones,8.32851775480059,11.739256666666668,1158.0,6.55324501022495,7588.657721840493,13594.059220000001
SKU000352,Describe Water,Beverages,Water,V0031,Ware Group,7.490770929466053,11.851733,901.0,6.665721343558282,6005.814930546012,10678.411433
SKU000429,Foot Spray,Cleaning,Spray,V0009,"Crane, Richardson and Moore",5.241912934690415,9.129533,863.0,3.9435213435582828,3403.2589194907982,7878.786979
SKU000234,Treat Wet Food,Pet,Wet Food,V0038,Lucero Ltd,6.290110048848569,8.4310425,932.0,3.2450308435582826,3024.3687461963195,7857.73161
SKU000209,Daughter Wipes,Cleaning,Wipes,V0029,"Roach, Mullen and Russell",5.218030463215259,2.9846200000000005,851.0,-2.201391656441717,-1873.3842996319013,2539.9116200000003
SKU000134,Pattern Coffee,Beverages,Coffee,V0054,Barron-Howell,5.3112,6.613856,664.0,1.4278443435582826,948.0886441226996,4391.600384
SKU000574,Without Chips,Snacks,Chips,V0037,Jones-Morgan,5.334004036281179,8.1624225,1113.0,2.9764108435582823,3312.7452688803683,9084.7762425
SKU000037,Government Water,Beverages,Water,V0032,"Bennett, Wright and Walter",4.663019036144578,4.2202150000000005,1711.0,-0.9657966564417171,-1652.4780791717778,7220.787865000001
SKU000595,International Toothpaste,Personal Care,Toothpaste,V0016,"Zhang, Jones and Castro",7.875872188633616,8.11466357142857,1236.0,2.928651914986853,3619.8137669237503,10029.724174285713
SKU000567,Big Coffee,Beverages,Coffee,V0030,Ali PLC,8.319721626124625,8.365454,2270.0,3.179442343558282,7217.3341198773005,18989.580579999998
SKU000131,Suffer Treats,Pet,Treats,V0004,"Rose, Kramer and Smith",4.98829758932415,5.916269285714286,1283.0,0.7302576292725682,936.920538356705,7590.573493571429
SKU000424,Goal Wet Food,Pet,Wet Food,V0057,Munoz PLC,5.435882623318386,5.0032939999999995,1501.0,-0.1827176564417181,-274.25920231901887,7509.944293999999
SKU000264,He Shampoo,Personal Care,Shampoo,V0021,"Baldwin, Haas and Smith",3.6879210075026796,6.980930000000001,865.0,1.7949183435582832,1552.604367177915,6038.50445
SKU000586,Help Shampoo,Personal Care,Shampoo,V0060,"Thompson, Dawson and King",5.0173225890529976,7.6185599999999996,298.0,2.432548343558282,724.8994063803681,2270.33088
SKU000268,Policy Juice,Beverages,Juice,V0035,Williams-Scott,8.882190301724139,1.7378399999999998,399.0,-3.4481716564417177,-1375.8204909202454,693.39816
SKU000394,Cause Chips,Snacks,Chips,V0034,Schroeder-Webb,9.059495301418439,10.936366666666666,828.0,5.750355010224949,4761.2939484662575,9055.311599999999
SKU000163,Require Treats,Pet,Treats,V0021,"Baldwin, Haas and Smith",7.146983865898376,9.621452999999999,1491.0,4.435441343558281,6613.2430432453975,14345.586422999999
SKU000587,Usually Spray,Cleaning,Spray,V0048,"Sullivan, Benjamin and Whitehead",6.6972023233760085,10.79565,325.0,5.609638343558283,1823.1324616564418,3508.58625
SKU000447,Modern Spray,Cleaning,Spray,V0014,Deleon and Sons,7.821419131975199,11.528898333333332,728.0,6.342886676891615,4617.621500777095,8393.037986666666
SKU000404,Serious Detergent,Cleaning,Detergent,V0027,Waters LLC,5.033560579243765,8.175392142857143,1401.0,2.989380486415426,4188.122061468011,11453.724392142858
SKU000561,Bed Chips,Snacks,Chips,V0049,Thomas Group,7.234256341719078,3.5022575000000002,1216.0,-1.6837541564417173,-2047.4450542331283,4258.7451200000005
SKU000439,Rest Soap,Personal Care,Soap,V0026,Sanchez-Jackson,9.746528096676736,8.202819000000002,784.0,3.016807343558284,2365.176957349695,6431.010096000001
SKU000239,What Tea,Beverages,Tea,V0045,Jennings-Finley,9.887205407354001,5.6998516666666665,687.0,0.513840010224949,353.0080870245399,3915.798095
SKU000276,Word Water,Beverages,Water,V0022,Pierce Ltd,5.424926200873362,7.846760999999999,1205.0,2.6607493435582814,3206.2029589877293,9455.347005
SKU000168,Head Toothpaste,Personal Care,Toothpaste,V0063,"Pratt, Burns and Berry",6.130802587244284,7.497280000000001,1430.0,2.3112683435582833,3305.113731288345,10721.110400000001
SKU000241,Respond Juice,Beverages,Juice,V0006,Benson Group,9.16446539746159,7.1763924999999995,1045.0,1.990380843558282,2079.9479815184045,7499.3301624999995
SKU000293,Beautiful Shampoo,Personal Care,Shampoo,V0049,Thomas Group,6.5993292089249485,9.061593,1153.0,3.8755813435582827,4468.5452891227,10448.016729
SKU000118,Lay Spray,Cleaning,Spray,V0009,"Crane, Richardson and Moore",5.625498166023166,4.896006666666667,934.0,-0.29000498977505096,-270.8646604498976,4572.870226666667
SKU000493,Character Nuts,Snacks,Nuts,V0031,Ware Group,3.2115389692905048,7.95819875,2000.0,2.7721870935582826,5544.374187116565,15916.397500000001
SKU000368,Indeed Chips,Snacks,Chips,V0036,Johnson-Wright,6.825424498636291,9.559836999999998,2166.0,4.373825343558281,9473.705694147236,20706.606941999995
SKU000349,Note Water,Beverages,Water,V0053,Ryan-Nguyen,4.381126234177215,5.902944999999999,2014.0,0.7169333435582814,1443.9037539263788,11888.531229999999
SKU000335,Society Detergent,Cleaning,Detergent,V0030,Ali PLC,7.011935169988278,10.690717500000002,1015.0,5.504705843558284,5587.276431211659,10851.078262500001
SKU000399,Improve Bars,Snacks,Bars,V0030,Ali PLC,7.253191453265044,9.673193571428572,1107.0,4.487181914986854,4967.310379890448,10708.225283571428
SKU000440,Practice Treats,Pet,Treats,V0057,Munoz PLC,5.619990444258172,9.071774999999999,1183.0,3.8857633435582812,4596.858035429446,10731.909824999999
SKU000154,Teacher Nuts,Snacks,Nuts,V0043,Parker-Ferguson,2.273189007328448,5.70016,237.0,0.5141483435582828,121.85315742331301,1350.93792
SKU000461,Data Dry Food,Pet,Dry Food,V0023,"Walker, Lynch and Hawkins",6.501565983606557,10.687688333333334,1219.0,5.501676676891616,6706.54386913088,13028.292078333334
SKU000459,Home Shampoo,Personal Care,Shampoo,V0055,White Group,7.203377158135981,11.769892000000002,1123.0,6.583880343558285,7393.697625815954,13217.588716000002
SKU000438,Body Bars,Snacks,Bars,V0062,Parker LLC,7.254852575710273,7.687404999999999,1793.0,2.5013933435582816,4484.998264999999,13783.517165
SKU000357,Peace Shampoo,Personal Care,Shampoo,V0058,"Schroeder, Gibbs and Smith",7.031816780821917,7.509796,1356.0,2.323784343558282,3151.0515698650306,10183.283376
SKU000435,Theory Shampoo,Personal Care,Shampoo,V0061,"Jacobs, Reese and Sanchez",5.900581937664288,8.563007857142857,1129.0,3.3769962007011394,3812.6287105915862,9667.635870714286
SKU000472,Something Spray,Cleaning,Spray,V0056,Mckinney PLC,6.297172131147541,7.05688375,1227.0,1.8708720935582823,2295.5600587960125,8658.79636125
SKU000350,Town Nuts,Snacks,Nuts,V0075,Ross LLC,7.202891194615815,3.5508390000000007,1216.0,-1.6351726564417168,-1988.3699502331276,4317.820224000001
SKU000164,Ground Chips,Snacks,Chips,V0069,Sims Group,5.749822347740667,8.450570833333332,867.0,3.2645591768916145,2830.3728063650296,7326.644912499999
SKU000363,Side Toothpaste,Personal Care,Toothpaste,V0021,"Baldwin, Haas and Smith",6.937906118836914,11.127502,1200.0,5.941490343558282,7129.788412269939,13353.0024
SKU000208,Rock Toothpaste,Personal Care,Toothpaste,V0035,Williams-Scott,7.865585681557847,11.40270125,1835.0,6.216689593558282,11407.625404179447,20923.95679375
SKU000327,Education Nuts,Snacks,Nuts,V0016,"Zhang, Jones and Castro",7.012432375337757,5.185560000000001,208.0,-0.0004516564417169633,-0.09394453987712836,1078.5964800000002
SKU000575,Nature Dry Food,Pet,Dry Food,V0044,Taylor-Le,4.587142654364797,3.502946,1023.0,-1.6830656564417175,-1721.776166539877,3583.513758
SKU000401,Production Tea,Beverages,Tea,V0052,Rios and Sons,4.705836496980155,9.8503175,147.0,4.664305843558282,685.6529590030674,1447.9966725
SKU000446,Center Spray,Cleaning,Spray,V0077,"Miller, Castillo and Vasquez",9.875043703199456,6.739039000000001,437.0,1.5530273435582833,678.6729491349698,2944.9600430000005
SKU000342,The Spray,Cleaning,Spray,V0046,Baker LLC,11.1962,8.114133333333333,377.0,2.9281216768916156,1103.9018721881391,3059.0282666666667
SKU000374,Party Water,Beverages,Water,V0051,Hartman-Jones,7.738811625460285,8.658168,401.0,3.4721563435582823,1392.3346937668712,3471.925368
SKU000542,Claim Wipes,Cleaning,Wipes,V0047,"Wright, Sosa and Fisher",7.245995658263306,6.552103333333334,468.0,1.3660916768916165,639.3309047852765,3066.3843600000005
SKU000265,Consumer Chips,Snacks,Chips,V0048,"Sullivan, Benjamin and Whitehead",2.9252188335358444,7.966985000000001,466.0,2.7809733435582835,1295.93357809816,3712.6150100000004
SKU000077,Expert Dry Food,Pet,Dry Food,V0040,"Pruitt, Mendoza and Benton",4.989426482830385,9.117776,887.0,3.9317643435582816,3487.474972736196,8087.467311999999
SKU000467,Same Dry Food,Pet,Dry Food,V0005,"Patterson, Thomas and Potter",5.48774257161892,4.9233175000000005,631.0,-0.2626941564417171,-165.7600127147235,3106.6133425000003
SKU000018,Check Bars,Snacks,Bars,V0077,"Miller, Castillo and Vasquez",6.563896202090593,9.475251666666667,860.0,4.289240010224949,3688.7464087934563,8148.716433333333
SKU000262,Activity Chips,Snacks,Chips,V0031,Ware Group,5.593211345646437,7.862780000000001,335.0,2.676768343558283,896.7173950920248,2634.0313
SKU000204,Nothing Wipes,Cleaning,Wipes,V0032,"Bennett, Wright and Walter",5.656331834750912,6.450173749999999,650.0,1.2641620935582818,821.7053608128832,4192.6129375
SKU000142,Baby Shampoo,Personal Care,Shampoo,V0072,Jones-Johnson,7.18422480359147,6.24559,743.0,1.0595783435582824,787.2667092638038,4640.47337
SKU000270,Someone Dry Food,Pet,Dry Food,V0061,"Jacobs, Reese and Sanchez",5.387832863849765,7.906514999999999,591.0,2.7205033435582813,1607.8174760429442,4672.750364999999
SKU000048,Environmental Dry Food,Pet,Dry Food,V0039,"Mendoza, King and Haley",6.354868918918919,8.49715,383.0,3.311138343558282,1268.165985582822,3254.40845
SKU000175,Surface Soap,Personal Care,Soap,V0051,Hartman-Jones,7.617617829457365,8.678988,1052.0,3.492976343558283,3674.6111134233133,9130.295376
SKU000224,Property Spray,Cleaning,Spray,V0007,"Townsend, Russell and Ramos",5.7778914824296015,5.10965,687.0,-0.07636165644171733,-52.4604579754598,3510.3295500000004
SKU000026,Yet Tea,Beverages,Tea,V0003,Morton-Hunt,5.083167562286273,4.20185,373.0,-0.9841616564417173,-367.09229785276057,1567.29005
SKU000475,Real Wipes,Cleaning,Wipes,V0052,Rios and Sons,6.18845261358085,2.9065600000000003,191.0,-2.2794516564417173,-435.37526638036803,555.15296
SKU000326,College Shampoo,Personal Care,Shampoo,V0002,"Campbell, Bridges and Fritz",8.155321126058794,8.67834,1010.0,3.492328343558283,3527.2516269938656,8765.1234
SKU000281,Design Treats,Pet,Treats,V0063,"Pratt, Burns and Berry",7.607876687116565,6.154047500000001,423.0,0.9680358435582832,409.4791618251538,2603.1620925
SKU000596,Spend Treats,Pet,Treats,V0014,Deleon and Sons,3.691722237380627,3.8876175,528.0,-1.2983941564417174,-685.5521146012268,2052.66204
SKU000045,Air Toothpaste,Personal Care,Toothpaste,V0005,"Patterson, Thomas and Potter",7.484934110084371,10.70312,371.0,5.517108343558283,2046.8471954601227,3970.85752
SKU000279,Upon Juice,Beverages,Juice,V0010,Martinez Inc,7.617690191545575,4.35739,672.0,-0.8286216564417179,-556.8337531288345,2928.16608
SKU000448,Spend Wipes,Cleaning,Wipes,V0029,"Roach, Mullen and Russell",9.43952220200182,3.4805149999999996,90.0,-1.705496656441718,-153.4946990797546,313.24634999999995
SKU000191,Pay Spray,Cleaning,Spray,V0004,"Rose, Kramer and Smith",9.594071559633026,8.2099,323.0,3.0238883435582817,976.715934969325,2651.7976999999996
